"hh_id","x","y","M","L","employed","firm_id","wage","firm_owner","unemp_spells","emp_spells"
1,26328.27,83840.09,67.1305,0,1,1394,12.9913,0,0,25
2,55869.78,65165.03,82.4405,0,1,944,8.4364,0,0,2
3,39099.35,59744.45,21.8732,0,0,0,5.5934,0,2,0
4,58872.79,36856.81,36.8974,0,0,0,5.5934,0,5,0
5,69466.14,17214.42,56.9833,0,1,1056,8.1714,0,0,2
6,39319.75,61683.49,63.3224,0,1,1443,12.1268,0,0,5
7,28983.22,73932.58,106.3431,0,1,388,12.8345,7,0,5
8,56076.45,36557.83,83.7284,0,1,1380,10.0958,0,0,12
9,23922.22,83278.86,85.1359,0,1,34,12.1971,0,0,42
10,64138.75,59423.66,44.301,0,1,244,10.8525,0,0,43
11,53553.08,43761.27,48.4585,0,1,1449,8.8099,0,0,1
12,66907.25,38999.46,65.6178,0,1,170,15.1274,0,0,2
13,64105.66,62477.41,71.9518,0,1,1101,13.0036,0,0,18
14,32663.71,68268.65,63.1493,0,1,1247,12.0838,0,0,12
15,41968.93,57918.17,47.1674,0,0,0,5.5934,0,1,0
16,31379.15,69951.98,90.2107,0,1,7,13.6875,0,0,16
17,54097.36,22313.04,76.7036,0,1,946,11.1149,0,0,2
18,25850.53,75302.05,142.9401,0,1,222,14.9966,0,0,42
19,66724.15,48832.38,124.836,0,1,196,8.42,0,0,2
20,62132.85,39993.91,43.2969,0,0,0,5.5934,0,11,0
21,21027.47,86162.79,59.8733,0,0,0,12.1752,0,2,0
22,58161.85,66621.11,50.1623,0,1,1195,14.4422,0,0,18
23,49639.7,55795.8,40.59,0,0,0,5.5934,0,6,0
24,68464.8,15531.46,117.6015,0,1,1056,8.1714,0,0,11
25,55580.11,26819.39,102.0001,0,1,1434,12.4964,0,0,2
26,35670.78,61769.93,56.2694,0,1,702,13.6179,0,0,7
27,25485.84,79954.63,42.8683,0,0,0,5.5934,0,1,0
28,26170.73,76698.62,79.7813,0,1,659,8.372,0,0,5
29,54482.47,38072.38,60.3015,0,1,1006,9.5638,0,0,6
30,64051.73,48693.44,80.1063,0,1,864,16.8551,0,0,5
31,54235.14,41662.44,71.0533,0,1,42,14.2776,0,0,7
32,71129.4,25457.01,94.2011,0,1,578,11.0191,0,0,9
33,66558.89,54384.26,78.7268,0,1,814,10.0331,0,0,14
34,23129.24,82305.24,63.1234,0,1,1281,16.2854,34,0,3
35,66317.45,66181.42,58.6996,0,1,1355,15.3115,0,0,1
36,61561.04,46325.53,33.9052,0,0,0,5.5934,0,12,0
37,70991.67,18338.92,51.4428,0,1,1056,8.1714,0,0,9
38,58949.2,72287.91,93.7916,0,1,480,13.1251,0,0,4
39,28943.38,71686.35,66.3333,0,0,0,9.2236,0,2,0
40,37765.97,64527,48.1893,0,1,1495,10.7382,0,0,5
41,27550.76,74992.52,82.2127,0,0,0,14.1821,0,1,0
42,52151.31,45289.39,65.7869,0,1,58,8.6549,42,0,2
43,55577.03,46611.14,84.6472,0,1,395,13.7656,0,0,4
44,52099.29,23697.49,50.0701,0,1,503,9.7511,0,0,3
45,58401.87,60086.37,47.0194,0,0,0,5.5934,0,7,0
46,66129.22,46324.69,122.4568,0,1,754,18.0018,0,0,21
47,71880.38,18367.92,81.9094,0,1,797,8.7086,0,0,11
48,30651.56,68327.18,71.7685,0,1,1397,11.9216,0,0,5
49,55339.4,35171.94,120.8774,0,1,1228,10.2868,0,0,27
50,52946.74,25852.05,73.9349,0,1,946,11.1149,0,0,5
51,58393.22,41571.74,55.597,0,1,1099,8.0399,0,0,1
52,49005.43,48558.31,111.6715,0,1,1450,17.0219,0,0,16
53,65253.66,46936.13,73.7075,0,1,207,13.387,0,0,19
54,19584.77,85555.18,47.2157,0,0,0,5.5934,0,7,0
55,39941.41,61708.15,71.849,0,1,250,10.9571,0,0,11
56,51058.21,44711.76,96.9238,0,1,42,14.2776,0,0,8
57,72618.46,29146.94,50.2191,0,0,0,5.5934,0,5,0
58,52292.22,44478.9,59.4214,0,1,58,8.6549,58,0,3
59,61189.89,65259.13,32.5505,0,1,1195,14.4422,0,0,6
60,44795.74,54864.38,37.6268,0,0,0,5.5934,0,2,0
61,71029.26,22693.85,78.7792,0,1,158,7.6351,0,0,12
62,61165.34,63952.91,92.5951,0,1,1036,13.814,0,0,1
63,38504.21,64181.5,86.6117,0,1,1286,16.4126,0,0,7
64,72426.68,15253.43,44.9759,0,1,808,8.1763,0,0,2
65,68804.33,47546.32,104.9205,0,1,170,15.1274,0,0,10
66,61443.98,29440.43,114.7047,0,1,1178,9.3376,0,0,2
67,64223.08,64466.08,41.8216,0,1,709,8.5559,0,0,13
68,30890.42,83210.08,68.4363,0,1,781,18.3972,0,0,9
69,41557.94,58724.81,79.2964,0,1,1114,12.5102,0,0,16
70,65232.02,74676.75,64.7421,0,0,0,14.2284,0,2,0
71,57222.01,25225.03,94.6615,0,1,1210,13.9045,0,0,13
72,26428.08,75370.4,69.2474,0,0,0,10.9512,0,1,0
73,72574.24,27384.37,31.959,0,0,0,5.5934,0,4,0
74,64869.69,39505.45,42.7037,0,0,0,5.5934,0,9,0
75,65379.03,18751.49,37.2238,0,1,1112,10.7953,0,0,6
76,23484.53,81667.32,49.6732,0,1,210,7.8294,0,0,2
77,21776.36,86069.9,62.0892,0,1,1300,10.5005,0,0,7
78,67167.06,45802.72,69.0862,0,1,1013,10.2647,0,0,3
79,58797.19,71812.16,141.674,0,1,1391,14.3736,0,0,9
80,71479.24,23810.54,78.1428,0,1,1441,9.929,0,0,11
81,32274.82,70321.87,78.7061,0,1,1370,8.7441,0,0,18
82,62325.01,30104.13,123.1221,0,1,1178,9.3376,0,0,5
83,62079.94,64785.58,109.8593,0,1,709,8.5559,83,0,2
84,70909.55,27077.34,20.7771,0,1,578,11.0191,0,0,3
85,50219.23,49567.27,137.6121,0,1,1367,16.65,0,0,18
86,51692.27,43983.46,69.8518,0,1,58,8.6549,0,0,3
87,53548.07,28061.89,50.6282,0,1,634,9.1983,0,0,1
88,72126.5,24143.24,38.7522,0,1,88,10.1666,88,0,3
89,59608.06,47812.31,29.8493,0,0,0,5.5934,0,11,0
90,68601.71,16903.78,73.9395,0,1,1056,8.1714,0,0,23
91,54692.72,37116.06,67.2391,0,1,1228,10.2868,91,0,6
92,63134.55,60052.83,54.1584,0,0,0,13.1845,0,1,0
93,45856.4,52727.75,98.9064,0,1,1183,12.0456,0,0,25
94,24147.58,85065.81,46.0276,0,1,1394,12.9913,0,0,8
95,67561.01,28251.97,47.3666,0,0,0,5.5934,0,6,0
96,56299.35,36676.77,83.0668,0,1,1380,10.0958,0,0,9
97,63094.8,63112.1,52.9605,0,1,1036,13.814,0,0,1
98,53660.32,29292.04,40.2901,0,0,0,5.5934,0,9,0
99,47221.81,46751.35,141.0316,0,1,42,14.2776,0,0,14
100,56188.07,67556.73,88.8841,0,1,392,18.7931,0,0,12
101,41041.33,60349.63,73.1015,0,1,1114,12.5102,0,0,7
102,29853.58,72257.22,102.2143,0,1,7,13.6875,0,0,14
103,55646.66,67816.84,77.5417,0,1,944,8.4364,0,0,1
104,68076.99,36068.04,64.5185,0,1,773,13.9532,0,0,2
105,54887.18,38522,50.7217,0,1,1380,10.0958,0,0,1
106,54637.89,26798.65,61.8049,0,1,282,11.255,0,0,19
107,66726.3,37549.77,79.5195,0,1,773,13.9532,0,0,2
108,72931.06,26044.54,148.2188,0,1,108,11.376,108,0,4
109,49936.44,48321.72,52.0092,0,1,938,10.4309,0,0,8
110,67709.3,44953.42,131.441,0,1,754,18.0018,0,0,20
111,70402.63,18527.97,71.7586,0,1,1112,10.7953,0,0,17
112,57583.14,39791.86,70.0378,0,1,91,12.4453,0,0,8
113,57570.39,34151.86,90.627,0,0,0,11.3092,0,2,0
114,46106.03,61314.45,76.0108,0,1,965,11.7578,0,0,14
115,54364.83,42141.33,140.9481,0,1,1449,8.8099,0,0,14
116,50266.06,45491.26,44.2592,0,0,0,5.5934,0,7,0
117,25226.19,79858.91,68.292,0,1,221,8.7951,0,0,5
118,53523.14,45002.81,71.9686,0,1,1367,16.65,0,0,5
119,29216.22,74673.59,6.1011,0,0,0,5.5934,0,1,0
120,66447.31,47556.11,155.5752,0,1,1064,11.018,0,0,20
121,65597.39,46808.5,114.2531,0,1,1013,10.2647,0,0,21
122,56969.67,38023.06,148.826,0,1,419,13.1096,0,0,41
123,38404.65,61586.72,71.7543,0,1,702,13.6179,0,0,13
124,57278.76,66944.63,56.6991,0,1,944,8.4364,0,0,1
125,48728.9,50858.41,73.3231,0,1,727,8.5463,0,0,9
126,26132.19,71402.42,19.6853,0,0,0,5.5934,0,1,0
127,52938.43,26032.29,65.9155,0,1,503,9.7511,0,0,2
128,32492.9,69835.61,68.7138,0,1,393,13.8448,0,0,8
129,20853.05,86564.06,52.2659,0,0,0,5.5934,0,1,0
130,53664.05,47259.6,58.5927,0,1,395,13.7656,0,0,5
131,64251.16,33232.19,96.5725,0,1,1178,9.3376,0,0,9
132,37725.93,64147.43,77.7862,0,1,702,13.6179,0,0,5
133,36849.03,61518.97,88.8779,0,1,702,13.6179,0,0,14
134,26067.46,84929.45,53.5979,0,1,1300,10.5005,0,0,11
135,44241.52,55665.29,35.1599,0,1,973,15.1631,0,0,13
136,55827.28,22793.02,55.2081,0,1,396,9.3548,0,0,5
137,71858.2,28382.05,86.942,0,1,108,11.376,0,0,5
138,63659.17,18641.89,52.2921,0,1,1112,10.7953,0,0,5
139,68283.08,16430.52,67.6974,0,1,1053,9.7071,0,0,9
140,56020.48,32516.86,50.9355,0,1,1364,7.297,0,0,1
141,67498.57,38998.59,42.579,0,0,0,5.5934,0,11,0
142,55947.24,41553.99,103.5596,0,1,1099,8.0399,0,0,20
143,72039.28,19343.78,65.6075,0,1,797,8.7086,0,0,2
144,38439.96,61556.96,51.7211,0,1,1286,16.4126,0,0,9
145,65736.19,55970.85,79.9416,0,1,793,15.4358,0,0,12
146,60361.36,70822.14,106.7655,0,1,1195,14.4422,0,0,4
147,22693.54,85297.65,107.1351,0,1,640,12.1079,0,0,7
148,70077.41,19239.96,173.6483,0,1,797,8.7086,0,0,34
149,32204.45,67444.04,67.7856,0,1,1397,11.9216,0,0,6
150,66289.06,36786.99,83.5953,0,1,773,13.9532,0,0,2
151,66169.04,60221.62,67.069,0,1,1355,15.3115,0,0,2
152,33605.08,64588.3,45.5198,0,0,0,5.5934,0,12,0
153,58675.14,70157.18,213.3501,0,1,969,10.7358,153,0,25
154,63209.76,46776.89,52.0116,0,0,0,5.5934,0,1,0
155,60575.7,69034.06,78.0382,0,1,153,12.2234,0,0,23
156,27258.74,76025.75,100.8344,0,1,792,6.8384,0,0,5
157,28519.51,80910.46,48.1632,0,0,0,13.9722,0,1,0
158,70913.02,23744.88,113.6215,0,1,158,7.6351,158,0,3
159,59295.17,38276.57,86.8646,0,1,679,12.8948,0,0,5
160,69634.08,20305.24,113.6821,0,1,797,8.7086,0,0,16
161,39984.95,62606.89,66.9788,0,1,702,13.6179,0,0,6
162,54262.75,29718.62,47.4228,0,1,1364,7.297,0,0,1
163,70083.23,14776.84,86.6992,0,1,1053,9.7071,0,0,16
164,54851.35,26791.64,82.6635,0,1,634,9.1983,0,0,22
165,67583.17,41346.32,44.9168,0,0,0,5.5934,0,12,0
166,28307.98,70347.26,49.8895,0,0,0,5.5934,0,2,0
167,58356.08,38530.22,81.4229,0,1,91,12.4453,0,0,5
168,65756.43,17782.61,47.6071,0,0,0,5.5934,0,4,0
169,34428.16,63313.44,82.8384,0,1,1247,12.0838,0,0,21
170,67749.44,45734.03,130.298,0,1,170,15.1274,170,0,2
171,59588.28,70667.88,64.6624,0,1,392,18.7931,0,0,2
172,45483.88,53381.65,84.8029,0,1,516,8.9783,0,0,5
173,65145.49,35904.33,49.0002,0,0,0,5.5934,0,5,0
174,46880.39,53711.07,87.3317,0,1,516,8.9783,0,0,7
175,27071.61,75918.17,70.0791,0,1,659,8.372,0,0,4
176,60763.83,47500.47,74.4861,0,1,207,13.387,0,0,6
177,37947.3,62772.58,26.113,0,0,0,5.5934,0,2,0
178,22404.75,81474.46,54.8611,0,1,1281,16.2854,0,0,2
179,61692.3,67517.31,116.3963,0,1,1316,15.4474,0,0,41
180,44102.73,56503.95,51.033,0,0,0,10.1352,0,2,0
181,66514.44,53848.82,33.3831,0,0,0,5.5934,0,3,0
182,72603.51,25992.15,79.7646,0,1,88,10.1666,0,0,11
183,44272.71,53410.29,72.4653,0,0,0,10.1352,0,2,0
184,26008.32,75345.14,85.6715,0,1,7,13.6875,0,0,37
185,51346.07,46115.23,58.8273,0,1,1402,8.0058,0,0,6
186,62516.72,31418.64,99.8199,0,1,1178,9.3376,0,0,12
187,47800.48,51216.03,76.6776,0,1,1183,12.0456,0,0,5
188,69221.07,15094.09,96.5438,0,1,1027,12.1934,0,0,11
189,51661.45,45543.02,78.9835,0,1,585,10.0009,0,0,6
190,25976.2,72397.93,45.4465,0,0,0,5.5934,0,1,0
191,61288.37,55029.45,47.529,0,0,0,5.5934,0,4,0
192,58983.12,74605.74,46.6813,0,0,0,5.5934,0,7,0
193,60362.86,27280.93,63.7525,0,1,748,15.2983,0,0,3
194,26026.81,86333.73,62.0392,0,0,0,11.0844,0,1,0
195,32467.05,66169.67,65.3979,0,1,393,13.8448,0,0,6
196,66555.73,46249.04,105.3065,0,1,951,8.6278,196,0,11
197,48319.69,47661.75,62.0682,0,0,0,12.903,0,1,0
198,59758.96,67653.83,85.9588,0,1,480,13.1251,0,0,16
199,69202.49,37878.66,50.5465,0,0,0,5.5934,0,9,0
200,58891.18,72585.14,114.7457,0,1,392,18.7931,0,0,6
201,61500.91,34773.79,49.8514,0,0,0,5.5934,0,3,0
202,51956.67,25495.05,40.4466,0,0,0,5.5934,0,9,0
203,48963.88,61242.85,75.9148,0,1,1443,12.1268,0,0,5
204,56398.26,68084.04,61.6532,0,1,1386,13.3957,0,0,2
205,48027.84,49746.4,78.0126,0,1,888,8.8532,0,0,7
206,51959.13,29468.91,97.4682,0,1,277,16.1147,0,0,24
207,65719.19,47724.03,93.8368,0,1,196,8.42,207,0,2
208,51515.85,44314.69,39.7122,0,0,0,5.5934,0,12,0
209,55363.18,34264.9,66.5786,0,1,1380,10.0958,0,0,3
210,23566.33,83175.57,71.3713,0,1,210,7.8294,210,0,2
211,55366.35,46805.07,35.6617,0,1,1450,17.0219,0,0,4
212,59275.15,73233.72,56.0383,0,1,1195,14.4422,0,0,21
213,49850.26,59540.55,39.4102,0,0,0,5.5934,0,11,0
214,31862.58,67172.96,101.6264,0,1,434,17.1421,0,0,6
215,42244.32,58907.7,114.9114,0,1,1114,12.5102,0,0,40
216,41171.94,60487.43,74.5086,0,1,250,10.9571,0,0,13
217,64551.71,66370.14,37.1782,0,0,0,5.5934,0,6,0
218,72234.88,24971.37,67.3783,0,1,108,11.376,0,0,16
219,26542.86,74173.9,84.9055,0,0,0,16.7327,0,1,0
220,50501.87,46388.59,63.4252,0,1,938,10.4309,0,0,5
221,25275.65,78630.89,61.8175,0,0,0,8.7922,221,0,3
222,25555.51,76407.52,87.8925,0,1,659,8.372,222,0,3
223,62509.93,52786.1,40.152,0,1,1478,10.827,0,0,2
224,27152.42,82847.54,31.3295,0,0,0,5.5934,0,1,0
225,52731.37,45428.38,103.7533,0,1,585,10.0009,0,0,30
226,55331.98,31381.9,111.8388,0,1,1364,7.297,0,0,2
227,56895.91,37517.09,57.9799,0,1,1380,10.0958,0,0,10
228,38474.48,62925,57.8856,0,1,250,10.9571,0,0,5
229,55026.3,40620.05,60.2125,0,1,1449,8.8099,0,0,12
230,56466.69,42929.43,57.5805,0,1,395,13.7656,0,0,8
231,67143.88,34729.15,55.4555,0,0,0,5.5934,0,6,0
232,66165.57,53174.42,47.567,0,0,0,5.5934,0,3,0
233,65880.53,55420.02,92.6953,0,1,1478,10.827,0,0,20
234,63352.76,60743.27,87.5482,0,1,1036,13.814,0,0,15
235,68035.48,15249.09,75.6798,0,1,1027,12.1934,0,0,9
236,36342.84,63599.94,75.5965,0,1,434,17.1421,0,0,5
237,72139.27,21985.99,31.4092,0,1,1441,9.929,0,0,9
238,66431.74,68332.29,53.8226,0,0,0,5.5934,0,4,0
239,53682.34,26260.53,68.8457,0,1,634,9.1983,0,0,7
240,21361.9,82907.33,59.6562,0,1,753,12.7092,0,0,4
241,63822.79,65273.24,113.4542,0,1,1355,15.3115,0,0,4
242,53470.71,24931.7,58.8644,0,1,282,11.255,0,0,7
243,69707.72,14568.98,56.2145,0,1,1053,9.7071,0,0,11
244,65186.25,60021.6,152.8072,0,1,244,10.8525,244,0,9
245,71988.32,21987.23,75.7163,0,0,0,15.5386,0,2,0
246,70519.82,26009.9,54.2174,0,1,578,11.0191,0,0,1
247,27683.4,84558.25,67.9699,0,1,1300,10.5005,0,0,10
248,57086.34,72595.61,77.6375,0,1,153,12.2234,0,0,6
249,58849.87,67507.38,84.6656,0,1,944,8.4364,0,0,1
250,41093.01,61099.74,90.7226,0,1,250,10.9571,250,0,5
251,69060.54,12659.4,51.8458,0,1,1053,9.7071,0,0,11
252,60304.65,28070.58,87.459,0,1,1284,8.6116,0,0,12
253,62766.05,18932.77,36.227,0,0,0,5.5934,0,17,0
254,73054.85,26552.43,63.1132,0,0,0,16.6847,0,3,0
255,68305.83,40442.93,55.6299,0,1,754,18.0018,0,0,7
256,70186.31,46891.54,91.8957,0,1,638,13.4543,0,0,6
257,25496.6,76595.3,103.7987,0,1,222,14.9966,0,0,40
258,56366.41,41082.44,88.0158,0,0,0,13.3873,0,3,0
259,50071.09,61408.89,47.923,0,1,965,11.7578,0,0,2
260,65727.5,56963.45,55.6581,0,1,1478,10.827,0,0,13
261,55287.03,33051.53,86.6194,0,0,0,11.3092,0,2,0
262,43291.89,56625.02,69.3299,0,1,973,15.1631,0,0,13
263,44346.69,54904.53,106.9685,0,1,1087,12.6779,0,0,10
264,51014.85,44705.9,91.8908,0,1,585,10.0009,0,0,1
265,23846.66,78946.76,124.5687,0,1,222,14.9966,0,0,14
266,63059.38,46351.32,42.1067,0,0,0,5.5934,0,4,0
267,67109.74,43053.95,65.8614,0,0,0,9.6955,0,1,0
268,53665.77,43401.81,70.0736,0,1,1449,8.8099,268,0,2
269,32245.74,69302.67,95.1432,0,1,1397,11.9216,0,0,8
270,71723.89,26867.69,47.2995,0,0,0,5.5934,0,2,0
271,56807.52,28773.03,39.7442,0,0,0,5.5934,0,3,0
272,21117.37,83641.93,106.4039,0,1,753,12.7092,0,0,11
273,33351.24,68810.63,87.323,0,0,0,13.9685,0,1,0
274,47972.16,49205.67,59.3889,0,1,888,8.8532,0,0,7
275,54122.05,31519.09,53.5455,0,0,0,15.8452,0,9,0
276,65358.73,33817.93,46.5701,0,0,0,5.5934,0,12,0
277,54909.81,28095.17,147.9747,0,1,634,9.1983,277,0,3
278,55688.4,34103.48,82.0995,0,1,679,12.8948,0,0,23
279,64005.28,64352.76,64.4656,0,1,1036,13.814,0,0,7
280,61006.08,67202.65,63.4179,0,0,0,14.9795,0,5,0
281,69536.09,15459.64,54.8477,0,1,600,11.9566,0,0,7
282,52356,27392.41,142.9341,0,1,282,11.255,282,0,26
283,55803.64,47219.64,42.3732,0,1,1450,17.0219,0,0,2
284,46418.13,54941.7,95.6574,0,1,1305,9.2327,0,0,27
285,63256.12,64553.24,76.8627,0,1,709,8.5559,0,0,7
286,63672.06,18463.77,41.5456,0,0,0,5.5934,0,4,0
287,57659.31,45920.85,96.9476,0,1,864,16.8551,0,0,4
288,24645.17,77953.07,105.9506,0,1,221,8.7951,0,0,25
289,55147.75,22276.46,81.1806,0,1,1062,10.6922,0,0,5
290,56000.29,35408.25,92.4,0,1,1228,10.2868,0,0,3
291,23470.19,85472.12,118.7528,0,1,1300,10.5005,0,0,14
292,61003.97,68549.24,95.7689,0,1,1386,13.3957,0,0,36
293,65005.86,63154.6,44.9516,0,1,709,8.5559,0,0,3
294,24427.01,80465.65,104.9177,0,1,1332,11.3685,0,0,6
295,57607.49,38083.86,59.2976,0,1,365,6.9848,0,0,1
296,33256.96,69375.92,65.7223,0,0,0,13.9685,0,1,0
297,65675.15,67052.67,55.0155,0,0,0,13.3061,0,4,0
298,62355.21,32177.29,126.577,0,1,1284,8.6116,0,0,16
299,54643.68,27425.92,68.633,0,1,946,11.1149,0,0,1
300,57306,31552.42,77.0298,0,1,277,16.1147,0,0,3
301,47314.12,47198.03,78.5114,0,0,0,12.2556,0,2,0
302,25800.37,71620.34,125.0039,0,0,0,16.7327,0,1,0
303,54457.86,42907.7,59.6554,0,1,395,13.7656,0,0,4
304,56960.26,25076.08,100.5943,0,1,1434,12.4964,0,0,17
305,67838.37,41767.1,52.6985,0,0,0,5.5934,0,6,0
306,38932.49,63147.63,129.6844,0,1,1089,10.2065,0,0,6
307,57442.32,33086.65,90.1932,0,1,419,13.1096,0,0,5
308,53656.8,27007.71,81.6921,0,1,282,11.255,0,0,29
309,40102.35,59939.37,53.5048,0,0,0,12.7042,0,1,0
310,62049.19,32744.47,71.975,0,1,773,13.9532,0,0,13
311,66124.8,54610.35,91.173,0,1,1490,11.4571,0,0,9
312,34507.95,65590.01,116.9784,0,0,0,13.9685,0,1,0
313,45854.58,52357.6,77.7755,0,1,1305,9.2327,0,0,22
314,70344.83,26518.68,98.5623,0,1,578,11.0191,0,0,16
315,22510.8,81768.64,77.0792,0,1,34,12.1971,0,0,11
316,57980.62,40129.38,73.8008,0,1,1099,8.0399,0,0,12
317,60048.37,70197.67,121.9887,0,1,480,13.1251,0,0,42
318,57323.64,31459.4,47.1147,0,0,0,5.5934,0,5,0
319,57956.45,47383.97,40.4213,0,0,0,5.5934,0,10,0
320,54668.96,46977.05,58.5303,0,1,878,8.4548,0,0,3
321,46067.64,57555.96,79.1127,0,0,0,11.1295,0,1,0
322,50321.74,48904.81,84.7282,0,1,938,10.4309,0,0,7
323,36272.49,64692.99,59.668,0,1,1495,10.7382,0,0,2
324,52936.98,24448.42,83.5656,0,1,503,9.7511,0,0,5
325,56019.88,32965.02,48.9391,0,0,0,5.5934,0,5,0
326,64440.34,45592.63,63.1617,0,0,0,9.1391,0,1,0
327,52454.75,44062.7,111.0352,0,1,864,16.8551,0,0,5
328,67246.95,66541.83,40.1174,0,0,0,5.5934,0,6,0
329,58345.16,39265.18,45.6387,0,0,0,5.5934,0,7,0
330,59393.71,72921.29,56.0804,0,1,1195,14.4422,0,0,5
331,55148.22,39071.77,47.9663,0,1,585,10.0009,0,0,1
332,57479.95,37601.17,95.42,0,1,365,6.9848,0,0,1
333,59072.18,59298.49,38.0162,0,0,0,5.5934,0,6,0
334,65508.89,66599.09,44.4604,0,0,0,5.5934,0,2,0
335,30122.18,70885.1,40.4512,0,0,0,5.5934,0,1,0
336,42067.4,58695.85,96.6435,0,1,1114,12.5102,0,0,16
337,65808.87,41731.31,40.3634,0,1,1013,10.2647,0,0,11
338,50382.94,58930.76,43.232,0,0,0,5.5934,0,6,0
339,58297.15,49670.41,59.2109,0,1,207,13.387,0,0,3
340,58189.46,26754.03,48.059,0,1,1082,8.7247,0,0,1
341,31436.24,71669.85,87.0457,0,0,0,16.7327,0,1,0
342,23613.86,82758.11,85.4813,0,1,34,12.1971,0,0,15
343,71412.77,18972.33,81.1169,0,1,797,8.7086,0,0,2
344,58710.81,71490.85,39.1712,0,0,0,5.5934,0,5,0
345,72091.9,19311.78,55.3278,0,1,808,8.1763,0,0,1
346,70374.23,16369.76,68.7284,0,1,808,8.1763,0,0,3
347,32783.31,68700.52,48.5196,0,0,0,5.5934,0,1,0
348,66925.29,49004.12,104.7675,0,1,196,8.42,0,0,22
349,62632.09,46336.57,72.0139,0,1,170,15.1274,0,0,5
350,41993.35,58721.64,84.4055,0,1,250,10.9571,0,0,13
351,43491.21,62607.66,64.3265,0,1,965,11.7578,0,0,5
352,29490.23,72023.79,110.7297,0,0,0,16.7327,0,1,0
353,66498.22,46906.47,101.6662,0,1,196,8.42,0,0,20
354,32715.77,67226.88,96.6676,0,1,1247,12.0838,0,0,6
355,67557.72,47066.05,60.3197,0,1,196,8.42,0,0,18
356,26965.28,81721.32,69.5576,0,1,1300,10.5005,0,0,5
357,65966.11,40742,115.6016,0,0,0,9.6955,0,1,0
358,70438.83,21645.35,147.3821,0,1,358,10.7521,358,0,11
359,58526.74,28072.26,71.6822,0,1,865,12.8924,0,0,9
360,55962.39,33517.22,58.7642,0,0,0,11.3092,0,2,0
361,59875.41,69902.15,67.6345,0,1,153,12.2234,0,0,4
362,62447.02,65024.2,38.2143,0,1,83,9.2859,0,0,14
363,40426.85,60813.81,69.5229,0,1,1114,12.5102,0,0,13
364,62917.13,67292.93,103.355,0,1,1386,13.3957,0,0,27
365,56552.91,38234.32,74.1222,0,1,1380,10.0958,365,0,2
366,65184.75,55889.55,134.1357,0,1,1490,11.4571,0,0,23
367,52956.89,42602.83,104.0477,0,1,42,14.2776,0,0,29
368,32018.05,68337.89,82.0536,0,1,393,13.8448,0,0,12
369,57484.81,47452.32,49.7582,0,1,864,16.8551,0,0,4
370,54954.87,65947.71,54.1009,0,1,969,10.7358,0,0,4
371,56214.81,34345.78,166.0335,0,1,91,12.4453,0,0,4
372,21228.94,82805.68,50.6749,0,1,1332,11.3685,0,0,4
373,69900.89,46449.29,117.7303,0,1,638,13.4543,0,0,40
374,55597.17,32090.79,120.8549,0,1,865,12.8924,0,0,4
375,63059.53,65682.05,68.8404,0,1,480,13.1251,0,0,19
376,48657.17,47719.17,64.4985,0,1,888,8.8532,0,0,5
377,70668.29,24716.25,45.5354,0,1,88,10.1666,0,0,4
378,60095.23,47987.91,39.8813,0,0,0,5.5934,0,3,0
379,35957.26,65187.61,57.6288,0,1,1286,16.4126,0,0,3
380,68393.47,43151.73,77.407,0,1,754,18.0018,0,0,10
381,72561,20930.82,61.3993,0,1,1112,10.7953,0,0,1
382,60257.11,67462.37,99.5361,0,1,1316,15.4474,0,0,33
383,28884.76,74135.45,46.6339,0,1,659,8.372,0,0,9
384,63825.85,34619.09,47.3275,0,0,0,5.5934,0,5,0
385,44113.28,54048.97,67.6864,0,1,516,8.9783,0,0,15
386,33445.28,66882.97,52.9324,0,0,0,13.9685,0,1,0
387,52725.52,45278.65,53.5245,0,1,58,8.6549,0,0,6
388,26712.79,76484.05,75.9039,0,1,659,8.372,388,0,7
389,48519.11,51545.46,95.7964,0,1,1183,12.0456,0,0,5
390,50608.93,46919.7,63.5891,0,1,938,10.4309,0,0,6
391,49217.93,49472.25,81.923,0,1,888,8.8532,0,0,7
392,59848.92,68128.37,140.1455,0,1,392,18.7931,392,0,2
393,33799.39,65471.41,130.7098,0,0,0,16.7327,393,0,3
394,57544.23,47344.15,27.203,0,0,0,5.5934,0,6,0
395,54090.37,44607.28,92.8603,0,1,395,13.7656,395,0,4
396,55942.08,23501.13,107.8743,0,1,1062,10.6922,396,0,2
397,66379.98,55089.59,65.0702,0,1,1490,11.4571,0,0,11
398,66514.94,47151.41,79.5568,0,1,835,15.9585,0,0,13
399,23891.16,82902.89,40.472,0,1,1332,11.3685,0,0,7
400,54021.45,31013.95,71.5733,0,1,1210,13.9045,0,0,6
401,44131.67,55003.24,75.9129,0,0,0,11.1295,0,1,0
402,65476.43,54379.09,84.2644,0,1,1478,10.827,0,0,9
403,52023.8,47499.98,87.1936,0,1,1402,8.0058,0,0,13
404,61199.39,66190.63,72.4418,0,1,1386,13.3957,0,0,19
405,65530.3,58512.41,72.0845,0,1,1478,10.827,0,0,4
406,23373.82,73178.23,80.3052,0,0,0,10.9512,0,1,0
407,55144.43,38012.05,113.8228,0,1,365,6.9848,0,0,10
408,52311.26,24920.76,74.9463,0,1,946,11.1149,0,0,3
409,68498.44,38502.17,45.9886,0,0,0,5.5934,0,8,0
410,66862.66,47585.51,51.0858,0,0,0,5.5934,0,1,0
411,70503.26,15141,124.3314,0,1,600,11.9566,0,0,3
412,56224.51,35379.65,101.1823,0,1,419,13.1096,0,0,2
413,35012.49,64106.19,38.9568,0,0,0,5.5934,0,6,0
414,52154.01,23025.76,26.0487,0,1,503,9.7511,0,0,3
415,26686.81,71830.98,59.5524,0,1,1051,12.1118,0,0,14
416,55719.45,40280.12,74.5972,0,1,1099,8.0399,0,0,6
417,64983.24,54446.58,68.5169,0,1,1478,10.827,0,0,18
418,15873.98,73687.05,53.1411,0,0,0,5.5934,0,47,0
419,57047.65,35370.57,101.0868,0,0,0,8.0437,419,0,1
420,67412.8,45766.99,41.8918,0,1,638,13.4543,0,0,6
421,64191.93,18176.88,45.1949,0,0,0,5.5934,0,2,0
422,63961.97,59408.03,51.4953,0,1,244,10.8525,0,0,15
423,25395.82,80326.51,45.6064,0,1,388,12.8345,0,0,7
424,56232.2,26214.04,122.9573,0,1,763,14.1556,0,0,19
425,58337.5,46340.17,33.597,0,1,864,16.8551,0,0,4
426,65705.94,18557.13,50.3265,0,1,1112,10.7953,0,0,1
427,48673.1,50044.83,112.8209,0,1,1119,15.7299,0,0,7
428,54330.01,26560.42,54.6916,0,1,763,14.1556,0,0,15
429,49131.22,46007.96,98.185,0,0,0,12.903,0,1,0
430,62391.97,47626.17,44.8274,0,0,0,5.5934,0,3,0
431,27001.14,75874.68,107.7671,0,1,388,12.8345,0,0,14
432,54935.32,38770.16,58.9017,0,1,365,6.9848,0,0,2
433,66610.78,60463.9,113.1498,0,1,1101,13.0036,0,0,8
434,36108.65,64331.22,105.2389,0,1,1286,16.4126,434,0,3
435,57578.46,35156.85,51.4181,0,1,679,12.8948,0,0,3
436,23245.71,82416.52,76.8757,0,1,34,12.1971,0,0,33
437,68130.79,70936.38,51.5263,0,0,0,5.5934,0,4,0
438,64747.14,55020.18,85.1473,0,0,0,11.6356,0,1,0
439,51828.66,47928.42,74.6726,0,1,1402,8.0058,0,0,5
440,44500.53,54672.74,78.4848,0,1,1183,12.0456,0,0,13
441,54319.29,44146.68,88.3585,0,1,1450,17.0219,0,0,4
442,31560.19,69531.98,125.0995,0,1,393,13.8448,0,0,19
443,65877.81,36235.92,45.0529,0,0,0,5.5934,0,8,0
444,44323.38,54011.75,63.3735,0,1,1305,9.2327,0,0,5
445,70055.25,46138.08,122.9645,0,1,638,13.4543,0,0,6
446,36415.65,61733.34,47.7516,0,1,702,13.6179,0,0,5
447,56105.21,36640.24,50.9123,0,1,1380,10.0958,0,0,9
448,65973.51,46152.63,102.2066,0,1,196,8.42,0,0,21
449,23611.95,83491.74,77.3889,0,1,210,7.8294,0,0,6
450,20687.03,85860.08,54.492,0,0,0,9.8719,0,4,0
451,60864.04,64792.26,73.6848,0,1,1316,15.4474,0,0,5
452,68861.11,43353.11,112.6836,0,1,754,18.0018,0,0,12
453,53531.79,30617.53,88.8777,0,1,865,12.8924,0,0,7
454,47210.62,51681.29,139.5147,0,1,1183,12.0456,0,0,3
455,35965.68,63853.25,66.3449,0,1,434,17.1421,0,0,3
456,56245.92,47579.84,42.5507,0,0,0,5.5934,0,6,0
457,73201.16,25654.77,61.0611,0,1,108,11.376,0,0,1
458,63862.97,58916.73,72.8015,0,1,244,10.8525,0,0,73
459,52879.67,43883.03,71.4983,0,1,395,13.7656,0,0,4
460,25609.54,84800.5,77.8609,0,1,755,10.6309,0,0,10
461,47644.65,51727.32,86.3863,0,1,727,8.5463,0,0,11
462,58107.11,35860.16,65.9145,0,1,277,16.1147,0,0,3
463,49815.15,48876.24,175.574,0,1,1450,17.0219,0,0,7
464,21628.13,83955.94,97.3755,0,1,1332,11.3685,0,0,6
465,56780.54,18839.88,65.155,0,1,277,16.1147,0,0,3
466,53467.1,27634.45,74.9768,0,1,748,15.2983,0,0,25
467,60330.69,29101.72,60.9121,0,1,773,13.9532,0,0,11
468,37685.52,62897.82,109.0809,0,1,1286,16.4126,0,0,6
469,47183.54,51972.56,44.4714,0,0,0,5.5934,0,3,0
470,63573.08,59932.45,106.731,0,1,244,10.8525,0,0,15
471,72933.95,25469.84,62.8517,0,1,1441,9.929,0,0,4
472,21939.27,87476.08,36.4236,0,1,1332,11.3685,0,0,2
473,71099.69,28321.8,51.3171,0,1,578,11.0191,0,0,5
474,60585.1,47031.23,52.7905,0,1,864,16.8551,0,0,12
475,60723.27,53383.13,137.5819,0,1,864,16.8551,0,0,11
476,24165.38,79893.42,82.9252,0,1,221,8.7951,0,0,11
477,58047.43,39590.75,50.3756,0,0,0,5.5934,0,6,0
478,66828.25,38910.17,48.9202,0,0,0,5.5934,0,6,0
479,38973.64,62107.46,90.9082,0,1,1286,16.4126,0,0,7
480,60030.38,69736.9,58.5272,0,1,1386,13.3957,480,0,1
481,57116.68,32773.19,38.7168,0,0,0,5.5934,0,16,0
482,63741.19,37431.76,79.9036,0,1,419,13.1096,0,0,5
483,32018.87,68260.18,102.1185,0,0,0,8.3171,0,1,0
484,56636.52,47517.33,52.0584,0,0,0,5.5934,0,4,0
485,58599.3,46536.15,43.1991,0,0,0,5.5934,0,11,0
486,67502.9,40246.12,49.1699,0,0,0,5.5934,0,12,0
487,72425.29,24138.64,71.1258,0,1,88,10.1666,0,0,11
488,63901.74,65313.94,42.1919,0,0,0,5.5934,0,5,0
489,52934.55,23619.78,111.1666,0,1,503,9.7511,0,0,19
490,63928.05,33302.06,76.3522,0,1,1178,9.3376,0,0,11
491,66150.44,19847.68,46.5984,0,1,1112,10.7953,0,0,7
492,28583.63,77845.76,91.9025,0,1,1281,16.2854,0,0,13
493,66923.48,67659.92,60.5248,0,1,1101,13.0036,0,0,1
494,62956.08,47272,40.8721,0,0,0,5.5934,0,3,0
495,50439.42,42948.11,56.8601,0,0,0,17.0904,0,5,0
496,64575.93,35514.36,42.9457,0,0,0,5.5934,0,10,0
497,58568.6,36936.18,46.4362,0,0,0,5.5934,0,6,0
498,54815.49,27796.35,162.4851,0,1,277,16.1147,0,0,17
499,33611.88,64704.04,61.4274,0,0,0,12.2755,0,1,0
500,30062.64,83125.34,41.4098,0,1,755,10.6309,0,0,9
501,60671,54758.38,41.3557,0,0,0,5.5934,0,6,0
502,57383.01,66878.35,49.5005,0,1,944,8.4364,0,0,1
503,52384.23,23671.59,90.3965,0,1,946,11.1149,503,0,2
504,68303.18,43835.45,71.2929,0,1,1425,10.9095,0,0,3
505,53681.83,47659.02,99.1573,0,1,395,13.7656,0,0,5
506,64654.2,35973.62,49.9198,0,0,0,5.5934,0,9,0
507,45847.78,55809.21,87.3377,0,1,973,15.1631,0,0,14
508,52607.76,41916.65,162.0691,0,1,1249,13.6108,0,0,45
509,67447.31,67238.81,50.6713,0,0,0,5.5934,0,6,0
510,66300.43,17538.64,61.8444,0,1,1112,10.7953,0,0,5
511,64879.67,36385.52,49.0292,0,0,0,5.5934,0,6,0
512,61098.88,66574.36,141.6145,0,1,1391,14.3736,0,0,4
513,50946.94,45129.48,51.036,0,1,1402,8.0058,0,0,1
514,56117.24,39337.18,35.9468,0,1,365,6.9848,0,0,2
515,45328.42,51803.21,99.8932,0,1,1119,15.7299,0,0,13
516,45366.88,53621.9,69.3607,0,1,973,15.1631,516,0,5
517,55792.67,37119.4,49.0093,0,0,0,5.5934,0,2,0
518,54302.26,26735.34,47.3557,0,1,396,9.3548,0,0,1
519,30669.14,70604.7,67.7431,0,0,0,8.6686,0,2,0
520,57293.86,25042.69,78.6836,0,1,1434,12.4964,0,0,2
521,47822.45,53085.88,67.3195,0,1,1119,15.7299,0,0,4
522,58483.45,72780.9,50.7525,0,0,0,5.5934,0,2,0
523,58514.06,36800.21,26.5554,0,0,0,5.5934,0,5,0
524,63901.88,62530.84,78.3337,0,1,1101,13.0036,0,0,18
525,34402.03,63377.55,54.2039,0,1,393,13.8448,0,0,4
526,25353.49,79157.17,171.6206,0,1,222,14.9966,0,0,40
527,30681.04,69458.43,64.1591,0,0,0,8.3171,0,1,0
528,22528.6,80002.31,53.4018,0,1,221,8.7951,0,0,5
529,68958.65,46105.84,73.6457,0,1,1013,10.2647,0,0,7
530,21793.16,85116.21,108.7085,0,1,781,18.3972,0,0,26
531,58323.44,73014.91,58.6062,0,1,1391,14.3736,0,0,4
532,45248.45,52163.78,80.4908,0,1,1305,9.2327,0,0,13
533,64671.21,58613.83,39.8369,0,1,814,10.0331,0,0,15
534,49505.06,48718.81,91.522,0,1,888,8.8532,0,0,4
535,66033.41,51867,46.5545,0,0,0,5.5934,535,0,0
536,34705.66,64551.66,74.5536,0,1,434,17.1421,0,0,7
537,70876.02,23963.03,68.1864,0,1,1441,9.929,0,0,12
538,26154.19,76033.85,108.1679,0,1,388,12.8345,0,0,34
539,64311.02,35729.78,53.1842,0,0,0,5.5934,0,6,0
540,59304.06,75330.21,67.9823,0,0,0,14.2284,0,2,0
541,68817.56,73057.73,41.5554,0,0,0,5.5934,0,7,0
542,65770.58,53619.02,48.5231,0,0,0,5.5934,0,3,0
543,67420.75,69858.88,28.3351,0,1,480,13.1251,0,0,4
544,59135.25,27316.03,97.0312,0,1,865,12.8924,0,0,7
545,44014.36,54156.2,95.8285,0,1,973,15.1631,0,0,15
546,64346.47,56733.78,93.1766,0,1,814,10.0331,0,0,13
547,69190.64,47385.78,97.6909,0,0,0,11.1805,0,1,0
548,46226.23,55030.05,85.655,0,1,516,8.9783,0,0,11
549,66465.88,40416.15,40.7821,0,0,0,5.5934,0,1,0
550,51690.44,44581.43,110.8613,0,1,58,8.6549,0,0,3
551,71446.03,26686.01,44.6273,0,0,0,5.5934,0,2,0
552,39144.93,60027.2,59.1209,0,1,250,10.9571,0,0,5
553,37133.65,64660.92,117.7575,0,1,1286,16.4126,0,0,7
554,66185.69,56450.33,138.9759,0,1,535,14.498,0,0,11
555,24663.39,79639.51,148.72,0,1,222,14.9966,0,0,7
556,72274.96,23781.1,60.3015,0,1,158,7.6351,0,0,1
557,64676.3,57030.48,102.9253,0,1,793,15.4358,557,0,3
558,61806.94,66671.87,51.4399,0,1,1355,15.3115,0,0,12
559,40284.87,61215.6,46.3276,0,1,250,10.9571,0,0,5
560,63459.64,39964.23,41.1403,0,0,0,5.5934,0,5,0
561,55329.9,41654.21,84.0027,0,1,1249,13.6108,0,0,8
562,61872.63,30337.05,57.8558,0,0,0,19.4436,0,5,0
563,31343.7,68045.13,70.6313,0,1,1247,12.0838,0,0,14
564,42926.95,58877.82,47.128,0,1,250,10.9571,0,0,3
565,66325.6,51538.24,79.5225,0,1,535,14.498,0,0,6
566,67741.4,44988.21,106.1206,0,1,1425,10.9095,0,0,31
567,69698.98,18370.25,55.4285,0,1,1112,10.7953,0,0,16
568,68164.5,41181.67,61.9485,0,0,0,9.6955,0,1,0
569,59821.32,29585.23,69.8106,0,1,773,13.9532,0,0,11
570,67552.92,44811.06,55.2422,0,1,196,8.42,0,0,1
571,71058.68,20000.01,57.8259,0,0,0,12.2756,0,2,0
572,20823.49,85628.69,50.8989,0,0,0,9.8719,0,4,0
573,53555.74,47257.82,71.0148,0,1,395,13.7656,0,0,5
574,55202.26,40270.55,63.8842,0,1,1099,8.0399,0,0,15
575,64913.33,55630.25,52.6437,0,1,557,7.822,0,0,1
576,68396.07,44910.12,97.1237,0,1,754,18.0018,0,0,9
577,61492.89,68288.62,48.6227,0,0,0,5.5934,0,3,0
578,71741.63,26322.43,42.1014,0,0,0,5.5934,578,0,0
579,21263.17,85924.69,83.5323,0,1,1332,11.3685,0,0,25
580,30647.93,70819.53,89.5399,0,1,1370,8.7441,0,0,15
581,66311.37,46635.29,188.5878,0,1,754,18.0018,0,0,13
582,54819.72,68160.46,78.9516,0,1,969,10.7358,0,0,4
583,45922.51,51264.51,61.1478,0,1,1119,15.7299,0,0,5
584,45963.38,52855.85,85.6141,0,0,0,10.1066,0,3,0
585,52427.77,42006.03,150.8765,0,1,1249,13.6108,585,0,6
586,26257.97,77493.52,71.0164,0,0,0,9.5926,0,3,0
587,43248.97,58981.64,42.6387,0,1,1443,12.1268,0,0,13
588,65224.27,69964.93,47.3103,0,0,0,5.5934,0,5,0
589,68229.78,46934.47,84.2593,0,1,638,13.4543,0,0,12
590,57374.02,36405.43,121.1582,0,1,679,12.8948,0,0,32
591,71227.25,21915.06,90.7372,0,1,1441,9.929,0,0,4
592,46539.93,61512.39,66.6026,0,1,965,11.7578,0,0,5
593,57937.93,38464.83,60.7245,0,1,365,6.9848,0,0,1
594,62533.26,52467.52,26.3879,0,1,1478,10.827,0,0,3
595,25557.5,76637.91,50.7393,0,0,0,5.5934,0,1,0
596,27199.44,76499.42,138.8745,0,1,388,12.8345,0,0,22
597,36511.28,62657.86,66.0365,0,1,702,13.6179,0,0,8
598,25489.32,77331.27,52.9999,0,1,221,8.7951,0,0,13
599,55029.43,33994.88,89.7067,0,1,679,12.8948,0,0,4
600,70064.06,17046.63,117.0184,0,1,1027,12.1934,600,0,7
601,64315.98,50209.96,95.0561,0,1,535,14.498,0,0,23
602,61887.51,17912.81,42.3466,0,0,0,5.5934,0,17,0
603,67732.16,75195.93,30.045,0,0,0,5.5934,0,31,0
604,46142.42,52824.63,88.6928,0,1,1305,9.2327,0,0,10
605,70526.59,17578.89,67.4856,0,1,600,11.9566,0,0,12
606,66036.98,45911.67,106.0931,0,0,0,9.1391,0,1,0
607,53021.12,23991.97,107.6211,0,1,946,11.1149,0,0,46
608,52287.36,25101.42,84.5899,0,1,748,15.2983,0,0,18
609,55255.38,46705.09,56.506,0,1,878,8.4548,0,0,1
610,59597.31,66905,106.797,0,1,1391,14.3736,0,0,16
611,62500.3,64327.24,109.3077,0,1,83,9.2859,0,0,4
612,20147.1,85244.39,95.834,0,1,1332,11.3685,0,0,22
613,57738.54,24968.56,87.8534,0,1,396,9.3548,0,0,21
614,56562.33,40256.63,79.4717,0,1,1099,8.0399,0,0,8
615,49569.54,51566.87,61.7529,0,1,727,8.5463,0,0,5
616,52173.48,44014.16,60.9645,0,1,58,8.6549,0,0,6
617,33430.53,67387.57,58.7759,0,0,0,16.434,0,2,0
618,67878.39,47541.08,63.8279,0,1,1013,10.2647,0,0,12
619,68075.35,15548.76,42.4075,0,1,600,11.9566,0,0,7
620,25082.51,77905.12,74.0517,0,1,221,8.7951,0,0,14
621,49794.28,59162.97,64.2321,0,1,1183,12.0456,0,0,3
622,69546.09,19522.64,84.4198,0,1,797,8.7086,0,0,2
623,71795.01,28530.77,82.5397,0,1,108,11.376,0,0,1
624,56037.96,40722.71,66.4474,0,1,1099,8.0399,0,0,20
625,58228.17,47432.44,48.642,0,0,0,5.5934,0,5,0
626,59350.83,71928.81,41.8591,0,1,1355,15.3115,0,0,2
627,57147.04,68147.25,48.4032,0,1,944,8.4364,0,0,1
628,56343.85,26249.45,91.1038,0,1,763,14.1556,0,0,8
629,56252.61,35207.16,69.4267,0,1,419,13.1096,0,0,4
630,53314.95,43513.72,61.2578,0,1,1249,13.6108,0,0,5
631,64962.85,65898.04,96.5653,0,1,1355,15.3115,0,0,17
632,44852.83,55047.04,103.9212,0,1,1183,12.0456,0,0,24
633,47106.03,53555.54,70.1798,0,1,1119,15.7299,0,0,5
634,54785.15,25872.52,171.666,0,1,763,14.1556,634,0,13
635,66663.3,47210.9,67.1981,0,1,196,8.42,0,0,12
636,57544.75,38856.48,59.7599,0,1,365,6.9848,0,0,2
637,59023.26,26447.78,109.534,0,1,865,12.8924,0,0,7
638,69710.15,45432.63,79.0662,0,1,1425,10.9095,638,0,4
639,51613.58,44308.19,79.2565,0,1,395,13.7656,0,0,4
640,22513.26,84138.71,58.183,0,1,1300,10.5005,640,0,5
641,32714.54,66469.24,81.4807,0,1,1247,12.0838,0,0,12
642,73156.92,25063.05,99.1612,0,0,0,15.5386,0,2,0
643,39313.42,61391.76,90.6669,0,1,250,10.9571,0,0,9
644,61625.27,65167.71,40.9733,0,0,0,5.5934,0,3,0
645,20173.07,85172.02,88.3021,0,1,781,18.3972,0,0,6
646,72060.08,22628.2,58.4942,0,1,88,10.1666,0,0,10
647,24297.36,76205.99,49.3932,0,0,0,5.5934,0,4,0
648,67405.05,41163.23,69.1351,0,1,1425,10.9095,0,0,6
649,53670.9,67835.14,51.1045,0,1,969,10.7358,0,0,4
650,36119.94,64856.61,47.2817,0,1,1495,10.7382,0,0,2
651,64723.62,57403.45,60.4981,0,1,557,7.822,0,0,28
652,46008.28,60311.37,31.6627,0,1,1443,12.1268,0,0,11
653,54228.77,26105.24,70.4945,0,1,1210,13.9045,0,0,5
654,57792.84,48027.75,43.5835,0,0,0,5.5934,0,20,0
655,47848.5,52678.6,32.7993,0,1,1119,15.7299,0,0,16
656,26397.91,78481.36,50.4564,0,0,0,5.5934,0,3,0
657,26554.47,80444.61,83.1601,0,0,0,14.1821,0,1,0
658,48119.65,51588.78,95.1229,0,1,727,8.5463,0,0,5
659,26392.44,74988.29,216.8598,0,1,388,12.8345,659,0,7
660,65114,36629.8,49.0744,0,0,0,5.5934,0,10,0
661,54981.74,42984.21,51.2893,0,0,0,5.5934,0,1,0
662,53508.12,27200.65,126.0624,0,1,282,11.255,0,0,26
663,20154.03,73582.06,117.2268,0,1,222,14.9966,0,0,7
664,26681.75,75280.77,73.2104,0,1,222,14.9966,0,0,8
665,57799.38,46235.33,67.8204,0,1,1367,16.65,0,0,5
666,57486.99,63123,51.2939,0,1,1316,15.4474,0,0,2
667,72230.29,20135.55,87.5865,0,1,358,10.7521,0,0,11
668,66750.7,39453.3,83.833,0,0,0,9.6955,0,1,0
669,24982.09,75893.02,67.5527,0,1,7,13.6875,0,0,6
670,46161.51,52838.23,64.7052,0,1,516,8.9783,0,0,25
671,64643,56802.92,54.659,0,1,557,7.822,0,0,12
672,43702.85,55522.57,62.4455,0,1,1087,12.6779,0,0,16
673,64495.86,35059.76,45.1454,0,0,0,5.5934,0,14,0
674,45515.58,54361.58,56.5621,0,0,0,10.1352,0,2,0
675,56776.07,63565.11,50.5314,0,0,0,5.5934,0,5,0
676,53490.28,67116.62,77.1247,0,1,1316,15.4474,0,0,4
677,65309.44,35923.11,46.7001,0,0,0,5.5934,0,23,0
678,54140.77,40400.88,63.3392,0,1,268,13.2304,0,0,7
679,55285.93,35183.36,71.6249,0,0,0,0,679,0,0
680,60822.42,68159.14,71.2162,0,1,1195,14.4422,0,0,3
681,26071.31,77737.18,57.2516,0,1,222,14.9966,0,0,14
682,67900.37,17316.38,91.4913,0,1,1112,10.7953,0,0,12
683,30190.69,70099.39,54.5163,0,0,0,16.7327,0,1,0
684,31071.24,70840.3,67.5311,0,1,1370,8.7441,0,0,11
685,71591.99,16561.49,89.0885,0,1,1053,9.7071,0,0,9
686,71467.35,29421.43,42.1744,0,1,108,11.376,0,0,1
687,57685.38,72934.29,89.0184,0,1,1195,14.4422,0,0,18
688,33969.51,65124.41,118.8659,0,1,393,13.8448,0,0,4
689,54489.78,25526.51,49.0279,0,1,634,9.1983,0,0,10
690,29810.03,74670.02,12.2079,0,0,0,5.5934,0,2,0
691,67407.52,39300.21,45.5204,0,0,0,5.5934,0,1,0
692,57875.21,39489.07,45.0378,0,0,0,5.5934,0,3,0
693,44384.67,53363.44,89.1727,0,1,1183,12.0456,0,0,13
694,66752.71,35309.38,47.1505,0,0,0,5.5934,0,8,0
695,54087.19,45796.8,64.7999,0,1,878,8.4548,0,0,4
696,69921.7,22827.6,63.5656,0,1,158,7.6351,0,0,15
697,61315.44,29028.62,87.4208,0,1,1178,9.3376,0,0,10
698,30552.09,72770.66,53.2215,0,0,0,5.5934,0,2,0
699,22987.6,84746.86,54.7592,0,1,716,9.8986,0,0,8
700,45591.66,51228.55,66.0794,0,1,973,15.1631,0,0,12
701,56027.67,33651.31,58.7583,0,1,419,13.1096,0,0,3
702,35387.23,61385.27,166.5381,0,1,702,13.6179,702,0,7
703,61455.11,65662.43,66.5693,0,1,153,12.2234,0,0,4
704,34440.2,67926.74,96.5172,0,0,0,13.9685,0,1,0
705,54127.62,32514.42,40.888,0,0,0,5.5934,0,2,0
706,68708.68,43972.58,43.4298,0,1,170,15.1274,0,0,6
707,53567.83,46212.48,135.3876,0,1,1367,16.65,0,0,7
708,63528.99,30626.24,109.27,0,1,1178,9.3376,0,0,26
709,62588.6,62385.92,159.6323,0,1,1101,13.0036,709,0,9
710,42795.26,57910.88,46.41,0,0,0,5.5934,0,6,0
711,37402.65,63362,77.6622,0,1,1495,10.7382,0,0,5
712,65019.41,36738.66,33.6449,0,0,0,5.5934,0,10,0
713,30065.69,69457.31,48.0588,0,0,0,5.5934,0,2,0
714,63453.57,33024.93,51.4172,0,0,0,5.5934,0,2,0
715,64383.53,47861.3,79.3896,0,1,535,14.498,0,0,3
716,25747.11,85527.28,149.2343,0,1,716,9.8986,716,0,4
717,36154.4,64275.82,83.4461,0,1,434,17.1421,0,0,4
718,71082.53,19587.3,56.8978,0,1,600,11.9566,0,0,11
719,68602.36,47924.76,62.8665,0,1,951,8.6278,0,0,2
720,62617.55,65935.37,60.1475,0,1,83,9.2859,0,0,2
721,39966.05,61673.64,80.4839,0,1,1089,10.2065,0,0,9
722,23645.59,81409.85,124.0737,0,1,1394,12.9913,0,0,13
723,53647.86,28814.41,37.3932,0,1,277,16.1147,0,0,18
724,56505.27,47358.88,77.3196,0,1,864,16.8551,0,0,4
725,58200.96,72617.06,146.1489,0,1,1391,14.3736,0,0,15
726,71523.09,26020.99,100.1492,0,1,108,11.376,0,0,10
727,48549.86,51692.77,90.8081,0,1,973,15.1631,727,0,5
728,60589.09,44437.24,96.6859,0,1,268,13.2304,0,0,6
729,54459.34,38585.25,69.8065,0,1,1006,9.5638,0,0,10
730,24700.59,78208.98,80.8492,0,0,0,14.1821,0,1,0
731,47569.26,46737.92,40.9836,0,0,0,5.5934,0,7,0
732,32991.25,67250.01,48.5057,0,1,1247,12.0838,0,0,8
733,61144.49,67127.71,146.4196,0,1,1391,14.3736,0,0,4
734,63877.96,59387.91,73.3554,0,1,793,15.4358,0,0,13
735,55672.31,33298.58,107.2576,0,1,91,12.4453,0,0,6
736,52403.74,45596,113.8542,0,1,268,13.2304,0,0,4
737,23501.27,79916.59,39.2904,0,1,1394,12.9913,0,0,4
738,67282.21,28956.35,41.7578,0,1,578,11.0191,0,0,1
739,64367.44,57188.08,59.5509,0,1,1490,11.4571,0,0,15
740,25934.43,77035.49,66.7669,0,1,7,13.6875,0,0,14
741,46290.04,56254.67,60.0558,0,0,0,11.1295,0,1,0
742,67156.59,75398.9,43.5213,0,0,0,5.5934,0,72,0
743,27911.24,74886.23,51.1311,0,0,0,5.5934,0,1,0
744,24674.29,84832.92,63.4479,0,1,716,9.8986,0,0,9
745,44272.59,56487.4,115.4667,0,1,1087,12.6779,0,0,9
746,68520.39,46472.09,76.9913,0,1,1021,7.1958,0,0,21
747,23047.96,85008.52,46.8218,0,1,716,9.8986,0,0,5
748,55001.63,24187.07,99.4487,0,1,396,9.3548,748,0,2
749,66233.08,40032.52,115.3834,0,1,170,15.1274,0,0,17
750,54771.91,27035.04,92.4894,0,1,1434,12.4964,0,0,16
751,43561.13,57977.63,65.5475,0,1,1114,12.5102,0,0,4
752,73246.14,19221.21,50.3226,0,0,0,5.5934,0,4,0
753,20860.51,83763.92,66.3625,0,1,753,12.7092,753,0,6
754,67499.27,44986.68,169.9453,0,1,207,13.387,754,0,7
755,30108.36,84489.7,133.969,0,1,755,10.6309,755,0,11
756,32023.73,70030.49,91.6059,0,1,1370,8.7441,0,0,52
757,67458.95,44509.3,117.6125,0,1,754,18.0018,0,0,11
758,51004.72,47147.28,76.2811,0,1,878,8.4548,0,0,5
759,46436.69,51175.8,100.2404,0,1,973,15.1631,0,0,11
760,69981.29,47300.22,69.9269,0,1,835,15.9585,0,0,7
761,56240.4,25646.07,88.6001,0,1,763,14.1556,0,0,3
762,54455.56,46366.39,82.9738,0,1,1450,17.0219,0,0,19
763,56053.03,26376.3,66.2284,0,1,1434,12.4964,763,0,2
764,58770.77,26830.94,44.5136,0,0,0,5.5934,0,6,0
765,70828.25,14450.47,59.9664,0,1,808,8.1763,0,0,1
766,53274.25,28965.87,92.8204,0,1,282,11.255,0,0,16
767,48604.75,50201.96,73.1,0,1,727,8.5463,0,0,15
768,29159.78,75464.84,47.1079,0,0,0,5.5934,0,1,0
769,62914.82,33120.6,77.7057,0,1,1284,8.6116,0,0,5
770,20172.86,85703.34,107.7604,0,1,753,12.7092,0,0,6
771,31027.01,70183.51,83.4871,0,1,1397,11.9216,0,0,12
772,56318.2,64140.89,46.2929,0,1,969,10.7358,0,0,4
773,63252.75,33164.29,63.7905,0,0,0,19.4436,773,0,0
774,51864.8,47270.78,86.4273,0,1,1367,16.65,0,0,6
775,65810.68,58112.38,92.4245,0,1,793,15.4358,0,0,15
776,66631.82,55185.89,123.9575,0,1,1490,11.4571,0,0,40
777,25281.65,81160.32,41.9896,0,0,0,5.5934,0,10,0
778,34097.33,66761.32,57.6154,0,1,1495,10.7382,0,0,2
779,73789.02,19314.83,49.8619,0,0,0,5.5934,0,4,0
780,61534.78,68213.99,76.5036,0,1,153,12.2234,0,0,1
781,21708.05,83180.27,112.5161,0,1,1332,11.3685,781,0,4
782,44508.52,56010.94,70.7338,0,0,0,11.1295,0,1,0
783,30061.65,72434.05,82.2338,0,1,1051,12.1118,0,0,14
784,54655.15,33626.71,63.5801,0,1,1380,10.0958,0,0,7
785,21645.49,83286.13,66.5547,0,1,753,12.7092,0,0,19
786,27565.46,72840.67,47.7412,0,0,0,5.5934,0,2,0
787,62172.5,64551.51,108.603,0,1,83,9.2859,0,0,50
788,26858.23,84340.39,62.9905,0,0,0,11.0844,0,1,0
789,52150.27,66394.09,47.9812,0,0,0,5.5934,0,5,0
790,56583.84,39280.3,61.1204,0,1,365,6.9848,0,0,8
791,72535.14,27021.91,76.8446,0,1,88,10.1666,0,0,10
792,27491.4,76500.42,94.3984,0,1,792,6.8384,792,0,1
793,64355.91,55766.05,155.8757,0,1,793,15.4358,793,0,4
794,54841.89,43998.79,106.9133,0,1,1449,8.8099,0,0,15
795,64609.53,64202.07,118.2513,0,1,1355,15.3115,0,0,15
796,46940.81,51281.64,65.9536,0,1,516,8.9783,0,0,3
797,69968.89,19191.63,67.1911,0,1,1056,8.1714,797,0,1
798,62917.75,52546.48,42.6716,0,0,0,5.5934,0,3,0
799,66160.26,67378.51,63.3779,0,1,1386,13.3957,0,0,16
800,37411.31,60972.57,102.8828,0,1,1495,10.7382,0,0,13
801,55753.02,25103.68,90.3491,0,1,1210,13.9045,0,0,19
802,56333.41,46169.93,53.7509,0,0,0,8.7512,0,4,0
803,58369.69,37608.48,58.006,0,1,1228,10.2868,0,0,2
804,64975.78,47295.03,86.7996,0,1,835,15.9585,0,0,41
805,32648.58,68877.19,114.9033,0,0,0,13.9685,0,1,0
806,55952.43,25384.76,91.5391,0,1,1434,12.4964,0,0,9
807,57270.82,47734.17,65.2433,0,1,1367,16.65,0,0,5
808,71233.52,16487.98,181.2231,0,1,808,8.1763,808,0,5
809,53331.81,35774.66,43.547,0,1,1006,9.5638,0,0,13
810,54557.94,22075.16,105.2988,0,1,946,11.1149,0,0,16
811,63973.86,66681.36,121.2692,0,1,1355,15.3115,0,0,23
812,60917.2,29473.9,77.6096,0,1,1284,8.6116,0,0,5
813,65089.7,47493.88,21.5795,0,1,196,8.42,0,0,2
814,64763.56,57490.3,67.7091,0,1,814,10.0331,814,0,12
815,60955.57,67300.46,111.2586,0,1,153,12.2234,0,0,15
816,24904.23,76063.58,102.6167,0,1,388,12.8345,0,0,2
817,58341.7,36599.8,67.8536,0,1,1228,10.2868,0,0,1
818,70656.18,16332.09,62.5361,0,1,1027,12.1934,0,0,12
819,56481.62,36588.79,54.0771,0,0,0,5.5934,0,4,0
820,65137.3,67010.42,93.9385,0,1,480,13.1251,0,0,13
821,40331.45,60981.43,57.0166,0,1,1089,10.2065,0,0,3
822,69253.79,43707.45,52.0302,0,1,1064,11.018,0,0,6
823,57778.85,45967.67,49.3758,0,0,0,5.5934,0,11,0
824,22296.43,83512.44,74.5917,0,1,753,12.7092,0,0,11
825,46381.17,51627.48,52.6412,0,1,1305,9.2327,0,0,5
826,53497.24,23112.78,53.5927,0,1,1210,13.9045,0,0,3
827,42851.77,58990.88,63.9559,0,1,1087,12.6779,0,0,16
828,65124.16,18611.03,42.6737,0,0,0,5.5934,0,2,0
829,32116.31,69833.58,59.9711,0,1,1397,11.9216,0,0,18
830,67108.86,66456.15,37.4969,0,0,0,5.5934,0,4,0
831,61015.48,69245.12,104.6971,0,1,480,13.1251,0,0,4
832,29165.17,72824.02,75.0794,0,1,7,13.6875,0,0,13
833,55376.36,34404.25,42.9613,0,1,1210,13.9045,0,0,3
834,64194.92,48885.73,130.3186,0,1,535,14.498,0,0,31
835,67371.28,46348.76,98.0087,0,1,835,15.9585,835,0,2
836,63173.72,16278.97,48.5967,0,0,0,5.5934,0,17,0
837,23539,83652.85,96.0748,0,1,640,12.1079,0,0,16
838,50290.55,46253.88,115.9629,0,1,888,8.8532,0,0,40
839,53854.94,32971.79,81.8208,0,1,1228,10.2868,0,0,12
840,53825,67879.04,46.6774,0,0,0,5.5934,0,2,0
841,63102.51,32439.45,71.3944,0,0,0,11.5599,0,5,0
842,29242.77,73723.95,106.8413,0,1,7,13.6875,0,0,20
843,60887.15,70990.06,53.0586,0,0,0,14.47,0,2,0
844,55985.59,22751.7,54.3399,0,1,1062,10.6922,0,0,2
845,58909.14,59777.36,47.8067,0,1,1036,13.814,0,0,2
846,54278.08,26018.27,124.6526,0,1,748,15.2983,0,0,29
847,53533.43,43346.87,52.0823,0,1,58,8.6549,0,0,6
848,48546.46,51252.89,111.1609,0,1,727,8.5463,0,0,8
849,27089.45,73668.74,97.7619,0,1,659,8.372,0,0,13
850,55513,25122.04,61.1472,0,1,1210,13.9045,0,0,16
851,23640.58,81636.04,58.4449,0,1,210,7.8294,0,0,2
852,33369.48,65826.48,45.9429,0,0,0,5.5934,0,6,0
853,45000.09,53173.67,34.4837,0,1,516,8.9783,0,0,11
854,66144.62,55355.08,58.518,0,1,793,15.4358,0,0,21
855,30591.3,70042.59,106.1342,0,1,1370,8.7441,0,0,15
856,64818.21,46373.35,152.3165,0,1,207,13.387,0,0,28
857,68810.35,46044.96,149.4958,0,1,638,13.4543,0,0,23
858,58834.6,75016.17,40.7274,0,0,0,5.5934,0,5,0
859,30429.83,72574.28,69.7431,0,1,1370,8.7441,0,0,10
860,64576.59,57880.19,99.8249,0,1,814,10.0331,0,0,10
861,67890.29,18346.37,20.4879,0,0,0,5.5934,0,2,0
862,63242.7,67052.94,113.9406,0,1,1386,13.3957,0,0,28
863,52760.34,25693.42,104.2461,0,1,282,11.255,0,0,5
864,58682.05,47304.04,144.0069,0,1,535,14.498,864,0,3
865,56060.59,30831.85,57.5534,0,1,1364,7.297,865,0,2
866,47224.09,47081.99,42.9557,0,1,42,14.2776,0,0,4
867,54989.55,46057.6,126.7372,0,1,878,8.4548,0,0,2
868,64428.62,60679.28,93.8846,0,0,0,12.3813,0,1,0
869,22165.69,70187.28,52.1208,0,0,0,5.5934,0,8,0
870,53394.03,41959.05,100.0931,0,1,585,10.0009,0,0,7
871,47700.9,53069.11,53.4034,0,0,0,5.5934,0,2,0
872,57983.41,73271.11,25.9749,0,0,0,5.5934,0,5,0
873,72599.75,29393.21,37.942,0,0,0,5.5934,0,9,0
874,70153.65,15993,66.2484,0,1,1053,9.7071,0,0,11
875,56609.85,33632.49,34.5867,0,0,0,5.5934,0,5,0
876,60609.11,28971.21,96.4254,0,1,773,13.9532,0,0,2
877,68173.16,45407.59,54.6282,0,1,1425,10.9095,0,0,4
878,52960.06,47001.88,185.403,0,1,878,8.4548,878,0,7
879,30856.52,71271.56,78.5429,0,1,1397,11.9216,0,0,21
880,45083,56436.69,47.1459,0,1,973,15.1631,0,0,11
881,28413.4,73388.81,48.6048,0,0,0,5.5934,0,2,0
882,69564.56,47098.01,43.8986,0,1,835,15.9585,0,0,2
883,62112.69,46215.75,105.301,0,1,864,16.8551,0,0,4
884,56029.35,34847.54,74.842,0,1,679,12.8948,0,0,7
885,65946.7,38547.84,46.9102,0,0,0,5.5934,0,12,0
886,47090.6,52629.83,70.3119,0,1,1305,9.2327,0,0,18
887,50018.01,59684.79,45.2673,0,0,0,5.5934,0,9,0
888,49383.89,49492.78,105.0814,0,1,1367,16.65,888,0,7
889,57692.56,38636.78,97.2589,0,1,1228,10.2868,0,0,12
890,25152.04,78518.19,128.0047,0,0,0,14.1821,0,1,0
891,70550.58,15231.97,65.2202,0,1,600,11.9566,0,0,16
892,56234.62,37649.12,46.7827,0,1,365,6.9848,0,0,2
893,67048.28,24272.49,49.7274,0,1,358,10.7521,0,0,1
894,36276.59,64267.84,57.0869,0,1,434,17.1421,0,0,3
895,35382.46,64597.28,89.1408,0,1,393,13.8448,0,0,4
896,57637.38,36868.91,55.883,0,1,1380,10.0958,0,0,12
897,26181.38,78769.02,96.0753,0,1,781,18.3972,0,0,14
898,41600.97,58192.75,117.9765,0,1,1087,12.6779,0,0,20
899,28274.69,78528.66,113.6595,0,1,1281,16.2854,0,0,10
900,61886.76,30958.65,50.3691,0,1,1284,8.6116,0,0,2
901,49296.1,46680.62,75.5001,0,1,1402,8.0058,0,0,30
902,40702.7,61067.29,110.9421,0,1,1089,10.2065,0,0,29
903,62583.99,59966.41,63.0493,0,1,709,8.5559,0,0,12
904,54979.95,41453.65,81.5185,0,1,1449,8.8099,0,0,9
905,24926.03,74980.32,53.9277,0,0,0,9.5926,0,3,0
906,56511.75,24666.05,64.7864,0,1,396,9.3548,0,0,18
907,27754.22,75678.12,58.1473,0,1,388,12.8345,0,0,14
908,57257.4,68397.46,87.4489,0,1,1316,15.4474,0,0,17
909,26474.48,76359.35,51.5247,0,1,792,6.8384,0,0,7
910,59478.02,47438.05,46.4832,0,0,0,5.5934,0,6,0
911,24195.76,82630.97,80.2285,0,1,640,12.1079,0,0,7
912,29914.9,72464.27,49.216,0,1,1370,8.7441,0,0,13
913,67659.76,47387.5,67.6926,0,1,1021,7.1958,0,0,12
914,57036.97,60320.77,40.8351,0,0,0,5.5934,0,67,0
915,30131.74,74003.84,53.9915,0,0,0,10.9512,0,1,0
916,71913.3,21389.08,64.4601,0,1,1441,9.929,0,0,3
917,69309.85,46794.17,100.157,0,1,951,8.6278,0,0,12
918,32915.99,69623.45,57.7573,0,0,0,8.3171,0,1,0
919,22883.04,85665.48,74.655,0,1,640,12.1079,0,0,7
920,25201.19,81555.65,53.9836,0,1,781,18.3972,0,0,4
921,70983.55,17266.4,106.0039,0,1,600,11.9566,0,0,12
922,20184.05,86187,77.3141,0,0,0,12.1752,0,2,0
923,69396.44,15961.33,100.528,0,1,1056,8.1714,0,0,37
924,43527.83,56945.01,134.1704,0,1,973,15.1631,0,0,13
925,55150.95,37321.21,94.8012,0,1,1006,9.5638,0,0,10
926,70743.81,23128.8,68.6385,0,1,1441,9.929,0,0,12
927,62036.03,31034.5,74.1769,0,0,0,19.4436,0,5,0
928,67755.13,39083.31,134.1816,0,1,754,18.0018,0,0,14
929,28328.99,73718.09,62.3883,0,1,659,8.372,0,0,8
930,42334.77,58259.08,68.3344,0,1,965,11.7578,0,0,4
931,46528.13,50995.17,49.7251,0,1,727,8.5463,0,0,3
932,49714.58,55709.08,49.5623,0,0,0,5.5934,0,4,0
933,58594.19,26653.72,53.7222,0,1,1082,8.7247,0,0,3
934,56482.41,23648.97,128.853,0,1,396,9.3548,0,0,19
935,56899.09,36712.47,46.959,0,1,679,12.8948,0,0,8
936,24389.11,82525.37,58.1494,0,1,34,12.1971,0,0,13
937,71952.9,26173.68,83.3894,0,1,108,11.376,0,0,3
938,50324.9,47926.52,47.0231,0,1,1402,8.0058,938,0,1
939,67368.85,46089,73.6226,0,1,1021,7.1958,0,0,20
940,56601.63,35776.21,38.343,0,1,91,12.4453,0,0,7
941,66418.24,53665.36,41.6883,0,1,1490,11.4571,0,0,13
942,53064.87,26995.96,83.2362,0,0,0,10.1835,0,2,0
943,62578.2,59491.32,72.6887,0,1,244,10.8525,0,0,31
944,56178.27,67694.34,65.5311,0,1,944,8.4364,944,0,1
945,62779.02,62025.4,62.8479,0,1,709,8.5559,0,0,16
946,51761.9,24131.34,49.7754,0,1,946,11.1149,946,0,3
947,53835.33,38467.75,67.6815,0,1,1006,9.5638,0,0,5
948,54733.97,22457.85,72.8828,0,1,396,9.3548,0,0,3
949,65672.9,33606.8,47.4854,0,0,0,5.5934,0,10,0
950,37517.66,62827.38,74.89,0,1,1495,10.7382,0,0,6
951,69051.6,47458.13,89.7311,0,1,951,8.6278,951,0,4
952,62109.68,65747.34,48.8023,0,1,83,9.2859,0,0,2
953,21182.71,73237.52,66.4403,0,1,222,14.9966,0,0,15
954,49731.33,46828.25,95.3317,0,1,878,8.4548,0,0,16
955,70682.83,16094.61,84.1156,0,1,1053,9.7071,0,0,11
956,66817.5,45776.4,136.3956,0,1,638,13.4543,0,0,16
957,49209.2,50562.09,126.0127,0,1,1119,15.7299,0,0,29
958,55184.98,64530.09,36.6414,0,1,969,10.7358,0,0,4
959,64601.76,64335.64,65.7021,0,0,0,14.3931,0,3,0
960,19577.38,85669.57,79.8991,0,1,640,12.1079,0,0,23
961,44053.16,58069.75,87.7875,0,0,0,11.1295,0,1,0
962,39234.51,62417.18,62.2303,0,1,1495,10.7382,0,0,8
963,54517.51,43411.33,94.0452,0,1,1249,13.6108,0,0,5
964,49718.23,45504.4,59.1511,0,1,58,8.6549,0,0,2
965,44056.97,62829.25,111.8788,0,1,965,11.7578,965,0,5
966,21216.85,87590.3,66.6332,0,1,781,18.3972,0,0,7
967,51320.74,25423.05,48.5305,0,1,946,11.1149,0,0,5
968,68896.07,47058.57,78.5444,0,1,951,8.6278,0,0,18
969,54828.32,67842.1,55.6628,0,1,944,8.4364,969,0,1
970,62776.98,32593.14,103.0781,0,1,1178,9.3376,0,0,11
971,71236.68,25949.5,53.6662,0,0,0,5.5934,0,2,0
972,35526.72,63703.06,46.9457,0,1,1286,16.4126,0,0,9
973,44912.89,55389.24,104.6509,0,0,0,10.1352,973,0,2
974,62402.35,42368.36,46.457,0,0,0,5.5934,0,11,0
975,59234.39,70627.98,101.1425,0,1,480,13.1251,0,0,20
976,67070.11,47019.89,65.6918,0,1,1013,10.2647,0,0,2
977,26586.99,79462.03,87.8053,0,1,1281,16.2854,0,0,15
978,52054.84,28085.25,98.6938,0,1,748,15.2983,0,0,18
979,63664.95,61197.32,100.2396,0,1,1101,13.0036,0,0,18
980,32293.71,66964.69,46.3692,0,0,0,5.5934,0,1,0
981,59915.27,57103.45,49.9563,0,1,793,15.4358,0,0,4
982,29619.29,73038.56,68.4379,0,1,7,13.6875,0,0,1
983,54542.79,26277.49,97.6172,0,1,277,16.1147,0,0,40
984,54946.4,30797.37,79.9453,0,1,1364,7.297,0,0,5
985,55683.77,25629.16,117.0747,0,1,763,14.1556,0,0,19
986,58688.41,47086.45,78.2865,0,1,535,14.498,0,0,3
987,23119.98,82819.64,80.257,0,1,34,12.1971,0,0,13
988,71566.27,22785.93,65.3608,0,1,88,10.1666,0,0,10
989,52815.9,45794.49,72.9413,0,1,878,8.4548,0,0,9
990,25155.08,67736.56,104.4947,0,1,1051,12.1118,0,0,21
991,25016.31,80108.06,58.528,0,1,221,8.7951,0,0,5
992,25262.89,79203.35,113.3943,0,1,1394,12.9913,0,0,14
993,69470.2,11854.08,49.0434,0,0,0,5.5934,0,4,0
994,70268.12,22301.71,73.3472,0,1,358,10.7521,0,0,11
995,55707.03,30392.94,53.5538,0,1,1364,7.297,0,0,2
996,50497.55,49980.09,67.4574,0,1,888,8.8532,0,0,5
997,26058.32,85097.07,67.112,0,1,716,9.8986,0,0,10
998,26280.54,67598.58,42.1242,0,0,0,5.5934,0,7,0
999,31925.76,71513.06,32.6255,0,1,1051,12.1118,0,0,10
1000,26137.41,69987.57,31.7258,0,0,0,5.5934,0,1,0
1001,45858.34,53818.2,51.7328,0,1,516,8.9783,0,0,9
1002,50136.9,45031.58,77.2713,0,1,1450,17.0219,0,0,4
1003,64587.19,59407.85,39.076,0,1,793,15.4358,0,0,13
1004,60929.51,34524.24,48.8961,0,0,0,5.5934,0,10,0
1005,56805.28,55229.97,90.2403,0,1,793,15.4358,0,0,4
1006,53052.6,39349.44,96.29,0,1,1006,9.5638,1006,0,5
1007,46591.91,51857.69,107.1129,0,1,1119,15.7299,0,0,39
1008,33470.38,64102.16,136.206,0,1,702,13.6179,0,0,20
1009,55173.85,28207.26,99.2668,0,1,634,9.1983,0,0,1
1010,52327.77,27980.64,53.1804,0,0,0,10.1835,0,2,0
1011,60991.99,29176.25,50.3641,0,1,1284,8.6116,0,0,1
1012,30644.68,68192.28,48.0986,0,0,0,5.5934,0,2,0
1013,67732.73,45794.83,112.5858,0,1,207,13.387,1013,0,1
1014,46481.11,55188.97,122.3718,0,0,0,11.1295,0,1,0
1015,26507.68,71311.5,42.274,0,0,0,5.5934,0,2,0
1016,51448.91,46723.67,140.5608,0,1,1402,8.0058,0,0,11
1017,72268.28,19558.78,39.3642,0,1,797,8.7086,0,0,1
1018,64333.26,62478.41,34.7263,0,1,1036,13.814,0,0,21
1019,67573.12,45971.41,76.7592,0,1,1064,11.018,0,0,7
1020,54096.74,31554.61,71.7002,0,1,1364,7.297,0,0,1
1021,67996.29,46065.23,131.8378,0,1,1064,11.018,1021,0,4
1022,56144.56,28606.47,115.0871,0,1,865,12.8924,0,0,7
1023,72884.77,28285.37,75.9405,0,1,88,10.1666,0,0,3
1024,71961.99,20219.85,47.4538,0,0,0,5.5934,0,2,0
1025,29659.27,73439.19,73.0352,0,1,1051,12.1118,0,0,6
1026,53789.06,42219.88,78.1641,0,1,1449,8.8099,0,0,4
1027,68526.04,16455.47,300.3152,0,1,600,11.9566,1027,0,22
1028,53869.86,41845.7,99.543,0,1,1249,13.6108,0,0,5
1029,53734.78,62681.83,85.4611,0,1,1316,15.4474,0,0,12
1030,26395.08,77541.48,73.3727,0,0,0,14.1821,0,1,0
1031,54002.57,24492.66,82.8121,0,1,946,11.1149,0,0,13
1032,70542.89,42595.97,51.442,0,0,0,13.1135,0,2,0
1033,49482.74,46133.53,52.3647,0,0,0,5.5934,0,7,0
1034,71422.16,30091.8,47.5119,0,0,0,5.5934,0,23,0
1035,64959.32,63942.87,62.7737,0,1,709,8.5559,0,0,1
1036,63724.9,62835.8,75.873,0,1,244,10.8525,1036,0,1
1037,21661.99,83744.08,118.0029,0,1,781,18.3972,0,0,10
1038,69747.91,16252.38,69.983,0,1,1056,8.1714,0,0,2
1039,67405.6,39733.71,46.0423,0,1,835,15.9585,0,0,2
1040,64257.54,33844.12,51.5498,0,0,0,5.5934,0,12,0
1041,51492.09,38319.55,62.2519,0,1,1006,9.5638,0,0,5
1042,63874.74,33714.53,61.9471,0,1,773,13.9532,0,0,2
1043,47629.81,47570.99,23.0434,0,0,0,5.5934,0,7,0
1044,67039.99,38898.16,57.7509,0,0,0,13.8165,0,6,0
1045,68588.15,14755.14,57.438,0,1,1053,9.7071,0,0,6
1046,62563.89,52797.83,49.6299,0,0,0,5.5934,0,3,0
1047,69800.92,40393.94,35.7627,0,0,0,5.5934,0,2,0
1048,15211.16,73425.88,32.9934,0,0,0,5.5934,0,99,0
1049,26063.8,79345.88,51.783,0,1,221,8.7951,0,0,8
1050,54799.74,32084.01,41.7549,0,0,0,5.5934,0,5,0
1051,28330.43,72440.67,56.0967,0,1,7,13.6875,1051,0,5
1052,54501.81,26006.46,89.2835,0,1,634,9.1983,0,0,23
1053,70388.75,16236.6,69.2281,0,1,1056,8.1714,1053,0,8
1054,49614.34,48981.88,124.8816,0,1,1450,17.0219,0,0,7
1055,67299.12,46414.43,87.016,0,1,1064,11.018,0,0,7
1056,69866.31,17140.66,238.099,0,1,1027,12.1934,1056,0,7
1057,28492.17,79566.65,28.2434,0,0,0,5.5934,0,1,0
1058,68901.62,15566.31,81.7608,0,1,1027,12.1934,0,0,11
1059,52351.38,26495.28,161.7398,0,1,282,11.255,0,0,16
1060,49426.33,45244.14,70.0009,0,0,0,12.903,0,1,0
1061,32756.02,65148.14,49.854,0,0,0,5.5934,0,13,0
1062,55366.47,23328.98,90.1172,0,1,1062,10.6922,1062,0,2
1063,66351.1,36956.67,39.675,0,1,835,15.9585,0,0,2
1064,68678.32,45274.66,139.9531,0,1,1425,10.9095,1064,0,5
1065,53674.53,60307.06,39.2149,0,0,0,5.5934,0,7,0
1066,26605.82,83667.52,62.7204,0,1,755,10.6309,0,0,3
1067,65478.41,67216.42,36.7271,0,0,0,5.5934,0,4,0
1068,65490.36,35946.51,38.1193,0,0,0,5.5934,0,8,0
1069,67371.19,41708.16,58.95,0,1,207,13.387,0,0,3
1070,28984.02,71194.96,119.6366,0,0,0,16.7327,0,1,0
1071,68706.26,45695.9,107.4575,0,1,1064,11.018,0,0,15
1072,51139.92,49303.55,66.0659,0,1,888,8.8532,0,0,5
1073,66689.72,19494.54,52.0226,0,0,0,16.5211,0,4,0
1074,71916.83,15871.89,117.4568,0,1,600,11.9566,0,0,11
1075,46754.89,52191.89,148.0686,0,1,1305,9.2327,0,0,7
1076,21325.92,82557.42,81.1201,0,1,753,12.7092,0,0,13
1077,53666.92,29857.28,87.9499,0,0,0,11.3092,0,2,0
1078,32815.6,66185.1,50.6957,0,0,0,8.3171,0,1,0
1079,65885.49,27063.64,49.5795,0,0,0,5.5934,0,12,0
1080,63530.28,67038.46,69.8998,0,1,1195,14.4422,0,0,4
1081,65631.66,38820.57,35.0329,0,0,0,5.5934,0,6,0
1082,58012.57,25813.28,104.2396,0,1,1082,8.7247,1082,0,3
1083,17751.31,77456.29,26.6283,0,1,1281,16.2854,0,0,1
1084,40629.29,58854.78,54.7212,0,0,0,10.9561,0,2,0
1085,62417.31,66076.76,72.7713,0,0,0,14.3931,0,3,0
1086,70167.06,22320.26,67.101,0,1,358,10.7521,0,0,11
1087,42451.73,57677.08,135.3379,0,1,1087,12.6779,1087,0,7
1088,22341.95,81318.79,72.5972,0,1,1394,12.9913,0,0,35
1089,38549.33,60972.05,116.7244,0,1,1443,12.1268,1089,0,5
1090,59389.34,37438.71,65.4649,0,0,0,13.3873,0,3,0
1091,26815.89,86184.42,61.2414,0,1,1300,10.5005,0,0,11
1092,64878.92,26915.15,45.362,0,0,0,5.5934,0,28,0
1093,42911.2,59186.57,60.9351,0,1,1114,12.5102,0,0,13
1094,61041.3,17893.87,37.4976,0,0,0,5.5934,0,17,0
1095,55682.29,48272.97,73.2439,0,1,1367,16.65,0,0,4
1096,56147.4,64181.98,50.0663,0,0,0,5.5934,0,8,0
1097,62468.21,74257.02,46.5867,0,0,0,5.5934,0,7,0
1098,71939.25,22875.43,56.9064,0,1,158,7.6351,0,0,9
1099,56353.56,40847.31,103.046,0,1,1099,8.0399,1099,0,8
1100,43530.58,57425.52,75.5415,0,1,1087,12.6779,0,0,1
1101,65369.12,61825.31,66.4085,0,1,244,10.8525,1101,0,4
1102,70000.52,23923.78,37.777,0,1,578,11.0191,0,0,10
1103,60507.47,52885.34,51.4008,0,0,0,10.1792,0,3,0
1104,58929.67,66926.65,94.5031,0,0,0,14.3931,0,3,0
1105,23873.16,83342.94,72.6012,0,1,210,7.8294,0,0,9
1106,26614.62,86254.06,44.2533,0,0,0,5.5934,0,1,0
1107,50172.51,63030.77,38.9777,0,1,965,11.7578,0,0,3
1108,66538.04,40260.44,67.0652,0,1,835,15.9585,0,0,5
1109,29263.86,72044.54,57.1641,0,1,1370,8.7441,0,0,8
1110,56218.57,20882.34,46.2479,0,1,396,9.3548,0,0,1
1111,66525.39,36248.33,50.8438,0,1,773,13.9532,0,0,2
1112,68903.87,18594.46,121.5447,0,1,797,8.7086,1112,0,6
1113,60933.9,40554.73,76.4567,0,1,268,13.2304,0,0,6
1114,41959.71,59495.3,107.1908,0,1,1443,12.1268,1114,0,5
1115,39644.26,63009.82,93.4432,0,1,250,10.9571,0,0,4
1116,21845.38,85744.11,68.3374,0,1,753,12.7092,0,0,6
1117,45339.36,56738.34,66.2973,0,0,0,11.1295,0,1,0
1118,33836.99,65141.11,131.1922,0,0,0,16.4224,1118,0,0
1119,47390.85,52187.25,108.5735,0,1,1305,9.2327,1119,0,5
1120,67941.09,48794.73,63.6046,0,1,951,8.6278,0,0,3
1121,54922.4,67478.37,97.9927,0,1,969,10.7358,0,0,4
1122,56046.48,35261.06,162.6125,0,1,419,13.1096,0,0,22
1123,26666.97,85846.4,72.7131,0,1,755,10.6309,0,0,11
1124,68490.09,42886.58,42.0176,0,1,638,13.4543,0,0,5
1125,69528.86,20502.95,65.8573,0,0,0,12.2756,0,2,0
1126,64968.61,18030.71,48.6757,0,0,0,5.5934,0,4,0
1127,43383.92,58190.9,63.9203,0,1,1087,12.6779,0,0,13
1128,54239.18,31185.13,76.0431,0,1,1364,7.297,0,0,1
1129,56007.95,23375,13.5368,0,1,1062,10.6922,0,0,3
1130,54918.02,22174,72.842,0,1,396,9.3548,0,0,5
1131,67313.49,45600.57,73.0276,0,1,1013,10.2647,0,0,3
1132,63547.12,33221.17,88.5388,0,1,1284,8.6116,0,0,3
1133,54369.56,51499.95,57.0546,0,1,1249,13.6108,0,0,1
1134,53415.72,28720.58,49.013,0,0,0,5.5934,0,10,0
1135,59638.43,27212.33,99.3862,0,1,1082,8.7247,0,0,2
1136,23563.49,80788.74,103.9631,0,1,34,12.1971,0,0,5
1137,50877.08,47591.16,47.8869,0,1,888,8.8532,0,0,5
1138,67543.56,45583.2,75.9504,0,1,170,15.1274,0,0,40
1139,62907.86,47552.71,64.6176,0,1,638,13.4543,0,0,5
1140,45318.14,56072.53,53.4283,0,0,0,10.1352,0,2,0
1141,34562.83,67642.9,47.0638,0,1,1397,11.9216,0,0,5
1142,72080.06,17956.19,91.5668,0,1,808,8.1763,0,0,10
1143,53013.19,42256.62,54.5246,0,1,585,10.0009,0,0,3
1144,60666.98,30912.21,120.311,0,1,1284,8.6116,0,0,19
1145,67321.21,41508.46,97.2796,0,1,1013,10.2647,0,0,1
1146,67107.47,41091.13,42.8216,0,0,0,5.5934,0,6,0
1147,69854.15,20877.99,84.519,0,1,358,10.7521,0,0,12
1148,54649.06,27589.66,101.6464,0,1,277,16.1147,0,0,5
1149,65703.36,34031.9,52.1828,0,0,0,5.5934,0,5,0
1150,58325.39,66725.43,79.1212,0,1,153,12.2234,0,0,18
1151,32887.64,70157.08,76.9141,0,1,1397,11.9216,0,0,9
1152,48389,51512.13,66.4224,0,1,727,8.5463,0,0,11
1153,63913.08,61349.24,74.2853,0,1,244,10.8525,0,0,16
1154,66130.32,67201.35,77.6295,0,1,392,18.7931,0,0,2
1155,49448.46,47043.42,79.1181,0,1,938,10.4309,0,0,8
1156,70804.71,22674.91,53.1361,0,1,88,10.1666,0,0,11
1157,59223.83,45956.49,25.3897,0,0,0,5.5934,0,4,0
1158,69192.11,46717.08,49.7484,0,1,638,13.4543,0,0,2
1159,58037.51,27218.17,69.9365,0,1,1434,12.4964,0,0,3
1160,47407.67,53340.5,82.0411,0,0,0,11.1295,0,1,0
1161,63095.63,63246.36,57.2695,0,1,709,8.5559,0,0,6
1162,31018.05,70995.56,75.3323,0,0,0,8.6686,0,2,0
1163,36708.53,62371.84,41.0739,0,0,0,5.5934,0,2,0
1164,26673.66,71834.28,30.7578,0,1,1051,12.1118,0,0,10
1165,66787.89,40233.09,42.8877,0,0,0,5.5934,0,6,0
1166,28402.35,72111.31,78.1977,0,1,1051,12.1118,0,0,10
1167,53456.29,24779.54,131.1752,0,1,763,14.1556,0,0,29
1168,55676.18,41582.23,139.692,0,1,268,13.2304,0,0,6
1169,70112,14364.99,50.8109,0,1,1027,12.1934,0,0,11
1170,34068.27,64965.78,81.8262,0,0,0,8.3519,0,6,0
1171,44349.07,55614.4,47.4437,0,0,0,5.5934,0,2,0
1172,62679.1,65056.92,49.3158,0,1,1036,13.814,0,0,18
1173,71014.2,23875.07,91.4293,0,1,358,10.7521,0,0,10
1174,69603.89,35529.89,44.0179,0,0,0,5.5934,0,12,0
1175,57455.62,46127.13,47.7603,0,1,1367,16.65,0,0,5
1176,23578.51,83194.87,153.6862,0,1,34,12.1971,0,0,24
1177,72129.83,25158.76,49.3514,0,1,1441,9.929,0,0,11
1178,62019.09,30457.03,134.8701,0,1,1178,9.3376,1178,0,16
1179,23767.47,83710.51,125.5199,0,1,210,7.8294,0,0,7
1180,25790.76,74197.29,44.9347,0,1,1281,16.2854,0,0,23
1181,63200.83,65518.47,74.2864,0,1,1101,13.0036,0,0,4
1182,44654.13,63062.7,63.8147,0,1,965,11.7578,0,0,13
1183,47173.02,54137.6,77.2878,0,1,727,8.5463,1183,0,1
1184,44717.74,55451.76,105.7699,0,1,516,8.9783,0,0,5
1185,47808.76,46412.86,32.5726,0,0,0,5.5934,0,2,0
1186,27020.36,84735.1,75.4854,0,1,1300,10.5005,0,0,11
1187,67599.74,48328.23,95.4201,0,1,951,8.6278,0,0,32
1188,34292.49,67566.46,49.0391,0,1,434,17.1421,0,0,4
1189,32348.07,66396.52,48.5463,0,1,393,13.8448,0,0,4
1190,55738.86,27287.02,84.7851,0,1,763,14.1556,0,0,14
1191,65287.37,46871.15,117.8386,0,1,207,13.387,0,0,18
1192,65383.98,67318.03,73.7215,0,1,1386,13.3957,0,0,11
1193,64386.01,18868.88,43.2288,0,0,0,5.5934,0,2,0
1194,43955.55,54621.96,121.9157,0,1,1087,12.6779,0,0,10
1195,58416.62,71352.38,114.3705,0,1,1391,14.3736,1195,0,5
1196,69433.18,22344.33,158.6572,0,1,358,10.7521,0,0,11
1197,49040.48,45595.65,43.8236,0,0,0,5.5934,0,7,0
1198,22263.08,83991.51,132.966,0,1,640,12.1079,0,0,7
1199,20861.99,83139.63,90.9534,0,1,640,12.1079,0,0,14
1200,62178,63940.4,101.9598,0,0,0,12.3813,0,1,0
1201,50099.61,60488.88,68.3649,0,1,392,18.7931,0,0,2
1202,56805.36,62914.18,35.9053,0,0,0,5.5934,0,5,0
1203,57662.56,32972.18,76.6336,0,1,419,13.1096,0,0,5
1204,52020.87,57127.77,40.7593,0,0,0,5.5934,0,24,0
1205,60653.24,29126.09,77.9882,0,1,1178,9.3376,0,0,16
1206,24429.01,82987.62,93.1858,0,1,210,7.8294,0,0,13
1207,52512.93,30570.14,52.0582,0,1,282,11.255,0,0,4
1208,20131.18,85884.26,48.1347,0,0,0,5.5934,0,4,0
1209,54233.95,23945.27,99.3434,0,1,1062,10.6922,0,0,7
1210,58067.54,26908.3,158.3652,0,1,1082,8.7247,1210,0,3
1211,55155.38,63720.1,79.4869,0,1,1355,15.3115,0,0,4
1212,57311.22,39842.7,78.0233,0,1,91,12.4453,0,0,8
1213,54064.61,24951.32,47.8917,0,1,634,9.1983,0,0,2
1214,52394.08,27153.29,95.8115,0,1,282,11.255,0,0,29
1215,25956.91,79099.79,52.1909,0,0,0,13.9722,0,1,0
1216,59004.6,53785.14,39.422,0,0,0,5.5934,0,12,0
1217,34799.67,65961.07,126.5834,0,1,1286,16.4126,0,0,21
1218,58592.09,38310.39,43.6274,0,1,679,12.8948,0,0,4
1219,21575.01,86793.43,40.1356,0,0,0,5.5934,0,2,0
1220,56602.43,34624.11,65.0693,0,1,419,13.1096,0,0,9
1221,44791.43,62537,57.0514,0,1,965,11.7578,0,0,13
1222,64185.58,62839.72,136.053,0,1,1036,13.814,0,0,20
1223,45352.33,55361.53,128.0345,0,1,1119,15.7299,0,0,23
1224,26657.94,80287.48,47.2873,0,1,388,12.8345,0,0,7
1225,56959.55,46338.89,38.1132,0,0,0,5.5934,0,9,0
1226,53861.6,42516.2,97.7056,0,1,1449,8.8099,0,0,4
1227,63777.33,64685.8,109.3716,0,1,83,9.2859,0,0,6
1228,56924.19,36681.33,107.6031,0,1,1228,10.2868,1228,0,5
1229,54183.89,23698.74,66.5476,0,1,763,14.1556,0,0,5
1230,57578.46,73201.63,72.076,0,1,1195,14.4422,0,0,1
1231,56488.68,38054.05,67.4985,0,0,0,12.6563,0,1,0
1232,58074.83,46834.89,60.8702,0,1,1367,16.65,0,0,5
1233,72031.75,28467.13,48.7561,0,1,578,11.0191,0,0,1
1234,71197.15,25499.13,70.0835,0,1,578,11.0191,0,0,10
1235,54248.27,44334.37,40.6069,0,1,585,10.0009,0,0,3
1236,28162.61,72687.56,47.9402,0,0,0,5.5934,0,7,0
1237,66614.72,67318.28,67.3806,0,1,1101,13.0036,0,0,6
1238,54838.9,25671.97,76.3048,0,1,634,9.1983,0,0,17
1239,31480.27,70330.68,70.1558,0,0,0,8.3171,0,1,0
1240,54913.23,33243.73,116.416,0,1,277,16.1147,0,0,6
1241,63472.2,19076.02,49.4228,0,0,0,5.5934,0,5,0
1242,29106.75,76570.54,34.1972,0,0,0,5.5934,0,4,0
1243,39205.46,60639.46,64.1054,0,1,1089,10.2065,0,0,5
1244,57135.06,25302.04,96.176,0,1,1082,8.7247,0,0,28
1245,53157.38,47208.03,105.3434,0,1,878,8.4548,0,0,6
1246,31883.42,68138.55,84.4095,0,0,0,8.3171,0,1,0
1247,34230.39,69563.11,72.5208,0,1,1247,12.0838,1247,0,6
1248,69274.26,16966.03,42.9578,0,1,1056,8.1714,0,0,11
1249,54103.55,44005.53,78.4073,0,1,1449,8.8099,1249,0,3
1250,60556.23,56290.83,51.7156,0,1,1478,10.827,0,0,4
1251,25986.91,82817.89,93.5373,0,0,0,11.0844,0,1,0
1252,55467.46,36844.61,153.4335,0,1,91,12.4453,0,0,10
1253,53362.1,29870.24,62.7925,0,1,1434,12.4964,0,0,2
1254,64119.04,35780.71,46.2844,0,0,0,5.5934,0,10,0
1255,23754.93,82043.89,85.9898,0,1,34,12.1971,0,0,7
1256,67392.75,41777.92,94.6913,0,0,0,9.6955,0,1,0
1257,60052.18,28988.44,35.7063,0,0,0,5.5934,0,6,0
1258,63025.59,66130.08,59.9043,0,0,0,16.785,0,2,0
1259,57988.04,73671.52,79.0952,0,1,1391,14.3736,0,0,6
1260,62960.52,62599.23,82.6598,0,0,0,12.3813,0,1,0
1261,61475.51,62961.43,93.6796,0,1,83,9.2859,0,0,2
1262,63289.23,33374,70.9142,0,0,0,8.6259,0,4,0
1263,56641.29,35289.64,41.9269,0,0,0,5.5934,0,4,0
1264,61272.68,65865.37,55.8002,0,1,1386,13.3957,0,0,7
1265,44444.14,53834.34,38.8639,0,0,0,5.5934,0,2,0
1266,34849.82,64239.06,88.5316,0,1,434,17.1421,0,0,12
1267,68723.81,15063.77,113.3928,0,1,600,11.9566,0,0,18
1268,58225.63,38658.67,48.3027,0,1,1228,10.2868,0,0,1
1269,66710.5,48018.83,90.2449,0,1,754,18.0018,0,0,30
1270,55421.55,24168.05,75.7778,0,1,748,15.2983,0,0,16
1271,27094.24,74242.57,52.6903,0,1,659,8.372,0,0,15
1272,67295.88,46189.26,87.4053,0,1,1064,11.018,0,0,13
1273,54165.32,46664.5,107.2772,0,1,1450,17.0219,0,0,15
1274,65222.18,57790.76,95.96,0,1,793,15.4358,0,0,18
1275,55996.69,48472.44,60.7469,0,1,268,13.2304,0,0,6
1276,65867.75,47879.54,46.072,0,0,0,5.5934,0,1,0
1277,31593.34,82591.47,55.0015,0,1,755,10.6309,0,0,7
1278,65299.8,57379.05,82.279,0,1,814,10.0331,0,0,13
1279,23535.52,83510.89,128.767,0,1,640,12.1079,0,0,14
1280,57676.49,73626.5,73.0581,0,1,1391,14.3736,0,0,6
1281,27025.88,78230.74,58.9444,0,0,0,14.1821,1281,0,0
1282,69298.56,45886.98,74.1226,0,1,170,15.1274,0,0,12
1283,22543.91,81055.65,62.6017,0,1,1394,12.9913,0,0,9
1284,61916.36,31255.55,73.0875,0,1,1284,8.6116,1284,0,5
1285,55364.05,22028.6,63.6546,0,1,1062,10.6922,0,0,5
1286,36927.28,64682.62,129.4686,0,1,434,17.1421,1286,0,7
1287,64634.02,58378.68,96.8308,0,1,814,10.0331,0,0,15
1288,56660.48,38922.22,66.96,0,1,1228,10.2868,0,0,37
1289,69200.26,20318.67,109.4584,0,1,358,10.7521,0,0,20
1290,43867.23,56882.35,27.9925,0,0,0,5.5934,0,1,0
1291,68499.36,15928.66,69.473,0,1,1056,8.1714,0,0,2
1292,59393.95,69002.57,117.9655,0,1,153,12.2234,0,0,9
1293,59561.8,47324.33,44.2475,0,0,0,5.5934,0,26,0
1294,62733,67452.52,126.0494,0,1,1386,13.3957,0,0,47
1295,53104.08,41276.04,103.1226,0,1,585,10.0009,0,0,5
1296,70656.13,21114.64,53.8293,0,1,797,8.7086,0,0,2
1297,30269.48,69162.95,84.5149,0,1,393,13.8448,0,0,12
1298,64468.09,47209.21,77.3725,0,1,196,8.42,0,0,1
1299,44571.56,54669.66,109.7813,0,1,1087,12.6779,0,0,10
1300,25851.73,85902.94,63.3871,0,0,0,11.0844,1300,0,4
1301,65487.58,46374.55,84.1678,0,0,0,9.1391,0,1,0
1302,69252.67,20545.09,44.8641,0,0,0,5.5934,0,2,0
1303,53393.73,44789.06,116.7286,0,1,42,14.2776,0,0,11
1304,67849.41,18460.02,49.5303,0,1,1027,12.1934,0,0,31
1305,45679.99,52326.49,142.2748,0,1,1305,9.2327,1305,0,10
1306,59492.96,58271.69,81.5845,0,1,1036,13.814,0,0,10
1307,21819.58,82639.66,131.1792,0,1,34,12.1971,0,0,11
1308,41087,61039.01,69.1134,0,1,1114,12.5102,0,0,5
1309,57460.35,47434.06,103.8237,0,1,268,13.2304,0,0,16
1310,62714.17,61413.9,112.2022,0,0,0,12.3813,0,1,0
1311,67503.61,44696.79,73.2292,0,1,1064,11.018,0,0,7
1312,59189.64,28518.36,68.7359,0,1,1082,8.7247,0,0,12
1313,30379.1,82789.45,49.0363,0,1,755,10.6309,0,0,10
1314,61017.08,28183.39,42.208,0,0,0,5.5934,0,5,0
1315,64860.07,66448.24,47.5539,0,0,0,5.5934,0,4,0
1316,54377.09,68061.91,136.0919,0,1,969,10.7358,1316,0,4
1317,56413.3,37390.22,130.0133,0,1,91,12.4453,0,0,9
1318,37892.81,64915.06,49.9374,0,0,0,13.9685,0,1,0
1319,24781.11,78615.32,131.7886,0,1,222,14.9966,0,0,7
1320,52005.13,42094.58,126.8227,0,1,1249,13.6108,0,0,5
1321,66608.42,39018.59,61.1445,0,0,0,9.6955,0,1,0
1322,57149.98,39264.56,93.4015,0,1,1099,8.0399,0,0,4
1323,57544.08,26855.77,59.8428,0,1,1210,13.9045,0,0,16
1324,49286.57,47409.59,69.2747,0,1,938,10.4309,0,0,8
1325,25011.43,76788.22,90.6654,0,1,659,8.372,0,0,2
1326,25872.4,77845.09,52.943,0,0,0,5.5934,0,2,0
1327,59346.67,72418.46,47.5643,0,0,0,5.5934,0,2,0
1328,53159.33,24310.07,68.8287,0,1,748,15.2983,0,0,5
1329,54979.64,40738.08,63.36,0,1,1006,9.5638,0,0,1
1330,34378.73,67047.65,140.1774,0,1,1247,12.0838,0,0,5
1331,56533.02,42589.29,107.9492,0,1,1249,13.6108,0,0,5
1332,21980.51,83563.77,109.8515,0,1,1332,11.3685,1332,0,4
1333,20463.55,73698.48,56.4736,0,1,781,18.3972,0,0,4
1334,62816.65,66217.45,104.6541,0,1,83,9.2859,0,0,28
1335,53017.44,43221.95,70.1192,0,1,42,14.2776,0,0,14
1336,66202.71,47850.02,96.7385,0,1,1425,10.9095,0,0,20
1337,29047.94,72932.33,92.6761,0,1,1051,12.1118,0,0,18
1338,59791.68,66761.83,65.9284,0,1,392,18.7931,0,0,2
1339,55341.84,34606.31,112.254,0,1,679,12.8948,0,0,21
1340,55599.28,28915.97,11.8891,0,0,0,5.5934,0,2,0
1341,58927.5,43521.96,39.903,0,1,395,13.7656,0,0,4
1342,25658.01,81849.04,73.3853,0,1,1394,12.9913,0,0,7
1343,55496.3,39942.9,29.9194,0,1,268,13.2304,0,0,6
1344,58405.43,67800.44,45.4626,0,1,944,8.4364,0,0,1
1345,60361.27,71143,55.8514,0,0,0,14.2284,0,2,0
1346,64158.51,54297.24,93.7775,0,1,1490,11.4571,0,0,10
1347,58769.81,73019.54,57.8067,0,1,1195,14.4422,0,0,14
1348,52365.99,44877.14,127.797,0,1,58,8.6549,0,0,16
1349,44202.66,55954.06,47.0656,0,0,0,5.5934,0,2,0
1350,34010.19,65209.35,42.5833,0,0,0,5.5934,0,6,0
1351,54384.07,27435.75,63.398,0,1,748,15.2983,0,0,5
1352,24913.82,80898.99,112.481,0,1,716,9.8986,0,0,12
1353,51716,42921.32,119.3561,0,1,42,14.2776,0,0,30
1354,56031,22465.42,67.2713,0,1,1062,10.6922,0,0,5
1355,63965.87,64331.48,65.194,0,0,0,5.5934,1355,0,0
1356,37321.77,61906.38,85.0108,0,1,1089,10.2065,0,0,4
1357,25575.51,84327.25,101.2407,0,1,716,9.8986,0,0,11
1358,40441.13,59496.08,74.8203,0,1,1089,10.2065,0,0,6
1359,54545.25,66020.42,63.6911,0,1,1316,15.4474,0,0,4
1360,45096.78,61886.11,40.461,0,1,965,11.7578,0,0,9
1361,56465.68,25283.2,131.6868,0,1,1434,12.4964,0,0,16
1362,30090.37,73741.87,55.0338,0,0,0,13.9722,0,1,0
1363,25608.58,78139.55,62.4673,0,1,221,8.7951,0,0,5
1364,55401.49,30797.57,50.018,0,1,1364,7.297,1364,0,2
1365,62487.16,66012.68,55.7744,0,0,0,14.3931,0,3,0
1366,34069.68,68143.3,52.7626,0,1,1286,16.4126,0,0,7
1367,54571.39,47347.59,85.5995,0,1,1450,17.0219,1367,0,4
1368,67967.95,41944.05,68.035,0,1,835,15.9585,0,0,2
1369,58528.06,74188.21,88.9873,0,1,1391,14.3736,0,0,16
1370,31229.81,70924.81,149.9941,0,1,1370,8.7441,1370,0,6
1371,64488.7,57772.99,76.6481,0,1,814,10.0331,0,0,15
1372,54805.03,26112.4,83.6953,0,1,1210,13.9045,0,0,9
1373,62990.14,60632.97,103.9176,0,0,0,12.3813,0,1,0
1374,53657.35,24657.89,143.3495,0,1,748,15.2983,0,0,30
1375,61343.47,66781,58.4942,0,1,153,12.2234,0,0,73
1376,54622.25,39833.53,60.2224,0,1,1006,9.5638,0,0,6
1377,56222.32,30128.54,108.9034,0,1,865,12.8924,0,0,14
1378,71238.48,29029.27,85.8996,0,0,0,16.5211,0,4,0
1379,33584.49,65673.83,42.851,0,0,0,5.5934,0,5,0
1380,56440.3,36612.41,114.913,0,1,91,12.4453,1380,0,7
1381,25707.5,84876.15,57.2534,0,1,716,9.8986,0,0,10
1382,69366.79,22106.1,74.3548,0,1,158,7.6351,0,0,11
1383,55203.18,31609.22,71.0588,0,1,865,12.8924,0,0,7
1384,50889.2,47339.08,66.8751,0,1,1402,8.0058,0,0,4
1385,57714.29,40968.57,97.9902,0,1,1099,8.0399,0,0,1
1386,62969.85,67462.2,99.2742,0,1,392,18.7931,1386,0,2
1387,63257.02,51164.19,105.5403,0,1,535,14.498,0,0,11
1388,64170.16,64146.51,61.9352,0,1,244,10.8525,0,0,2
1389,55442.13,29204.83,64.7884,0,1,865,12.8924,0,0,7
1390,16692.27,73039.34,39.4896,0,0,0,5.5934,0,11,0
1391,58101.22,72119.27,68.4132,0,1,153,12.2234,1391,0,4
1392,68881.18,46047.24,87.6823,0,1,1064,11.018,0,0,14
1393,61513.33,65439.31,58.3036,0,0,0,16.5948,0,3,0
1394,23260.32,81977.85,93.0283,0,1,1394,12.9913,1394,0,7
1395,43271.6,59085.8,69.1778,0,1,1114,12.5102,0,0,20
1396,69687.37,24628.8,93.6247,0,1,108,11.376,0,0,27
1397,32060.99,70164.46,171.6601,0,1,1397,11.9216,1397,0,5
1398,48940.7,46734.18,59.1381,0,1,938,10.4309,0,0,2
1399,27071.58,77556.03,16.8094,0,1,1281,16.2854,0,0,8
1400,49814.11,62264.01,36.5908,0,0,0,5.5934,0,11,0
1401,58591.2,67638.58,82.1531,0,1,480,13.1251,0,0,4
1402,51716.84,47462.19,136.3097,0,1,938,10.4309,1402,0,5
1403,62324.8,67736.75,52.0672,0,1,83,9.2859,0,0,9
1404,70208.32,45071.67,43.9122,0,1,1425,10.9095,0,0,1
1405,47913.61,49834.57,106.3713,0,1,42,14.2776,0,0,31
1406,31265.23,83930.13,48.4376,0,1,755,10.6309,0,0,16
1407,66282.33,18469.4,75.1431,0,1,1027,12.1934,0,0,31
1408,66427.2,39118.56,70.8336,0,0,0,9.6955,0,1,0
1409,21548.86,86586.52,88.2172,0,1,716,9.8986,0,0,3
1410,54140.65,33627.09,54.5524,0,1,679,12.8948,0,0,4
1411,58330.92,56580.96,44.4696,0,0,0,5.5934,0,3,0
1412,72026.16,23489.34,65.5438,0,1,1441,9.929,0,0,11
1413,49855.7,61825.29,17.4642,0,0,0,5.5934,0,2,0
1414,48166.72,50273.44,76.085,0,1,727,8.5463,0,0,15
1415,65506.39,54647.86,88.4258,0,1,814,10.0331,0,0,10
1416,65309.2,58073.66,93.2349,0,1,814,10.0331,0,0,27
1417,25772.72,80058.19,144.7225,0,1,221,8.7951,0,0,30
1418,61038.92,56353.87,47.9396,0,1,535,14.498,0,0,4
1419,30788.4,71768.22,77.615,0,1,7,13.6875,0,0,19
1420,54187.02,42484.02,100.8096,0,1,1249,13.6108,0,0,5
1421,51054.26,43724.83,132.7107,0,1,42,14.2776,0,0,15
1422,64966.64,13039.73,45.8759,0,0,0,5.5934,0,10,0
1423,66717.05,46287.09,79.7778,0,1,1013,10.2647,0,0,4
1424,22118.4,84654.25,121.1771,0,1,781,18.3972,0,0,13
1425,69065.58,44628.14,35.686,0,1,1425,10.9095,1425,0,1
1426,24873.87,82438.18,59.9536,0,1,1394,12.9913,0,0,7
1427,60976.41,70280.54,92.547,0,0,0,16.785,0,2,0
1428,25312.92,82416.85,101.9247,0,1,781,18.3972,0,0,11
1429,21854.49,73670.67,22.4946,0,0,0,5.5934,0,12,0
1430,63039.16,62068.85,62.1313,0,1,709,8.5559,0,0,16
1431,69215.43,14729.91,71.5298,0,1,1053,9.7071,0,0,11
1432,24765.85,82610.03,48.352,0,1,210,7.8294,0,0,2
1433,63863.17,32528.03,95.5733,0,1,1284,8.6116,0,0,26
1434,56754.25,25550.77,97.2499,0,1,1082,8.7247,1434,0,2
1435,59130.23,46939.64,35.471,0,0,0,5.5934,0,12,0
1436,52316.66,41282.46,58.9939,0,0,0,10.1704,0,1,0
1437,37444.54,61029.87,55.1014,0,1,1089,10.2065,0,0,2
1438,47965.45,48191.99,107.7084,0,1,938,10.4309,0,0,31
1439,21814.27,87161.94,102.8272,0,1,640,12.1079,0,0,9
1440,67200.6,67196.99,64.0091,0,0,0,14.3931,0,3,0
1441,72652.92,23699.13,92.4097,0,1,1441,9.929,1441,0,4
1442,71181.27,18918.61,69.686,0,1,358,10.7521,0,0,3
1443,43546.66,63812.92,57.8649,0,1,1443,12.1268,1443,0,7
1444,58846.07,28488.78,38.1464,0,0,0,5.5934,0,9,0
1445,26175.37,76273.62,87.0369,0,1,388,12.8345,0,0,61
1446,52881.41,23547.12,55.7848,0,1,503,9.7511,0,0,3
1447,58955.16,71100.17,25.3737,0,1,1316,15.4474,0,0,4
1448,56305.08,31786.8,51.9957,0,1,419,13.1096,0,0,2
1449,54537.66,42394.06,135.0943,0,1,268,13.2304,1449,0,4
1450,54223.91,46722.94,87.4006,0,1,585,10.0009,1450,0,4
1451,56835.96,18636.02,82.9131,0,1,1062,10.6922,0,0,1
1452,65717.59,61989.87,77.5541,0,1,1101,13.0036,0,0,21
1453,32000.01,68766.8,69.1122,0,1,1247,12.0838,0,0,12
1454,29774.17,72829.99,76.3692,0,1,1051,12.1118,0,0,10
1455,32504.74,83160.92,77.9063,0,1,755,10.6309,0,0,6
1456,55633.82,34566.47,43.8133,0,0,0,5.5934,0,4,0
1457,53896.83,30202,84.3798,0,1,865,12.8924,0,0,7
1458,62817.11,62673.76,48.182,0,0,0,12.3813,0,1,0
1459,65420.39,17900.85,44.7023,0,1,1112,10.7953,0,0,6
1460,58176.58,36932.45,100.6933,0,1,1380,10.0958,0,0,28
1461,36568.16,63336.79,65.5387,0,1,702,13.6179,0,0,21
1462,50615.89,58382.81,35.8496,0,0,0,5.5934,0,6,0
1463,71048.13,17204.04,44.7341,0,1,1053,9.7071,0,0,3
1464,63774.67,46096.16,77.46,0,1,170,15.1274,0,0,4
1465,72201.37,30391.49,47.8729,0,0,0,5.5934,0,4,0
1466,58327.12,38292.26,115.1289,0,0,0,13.0958,0,4,0
1467,41178.93,63126.06,86.4906,0,1,1443,12.1268,0,0,29
1468,54955.39,68899.63,164.6668,0,1,969,10.7358,0,0,4
1469,22001.58,84870.12,91.6668,0,1,640,12.1079,0,0,14
1470,25870.36,86441.41,47.8313,0,1,1300,10.5005,0,0,8
1471,29266.76,74960.82,48.5174,0,0,0,5.5934,0,6,0
1472,67511.03,47497.77,55.9112,0,1,1021,7.1958,0,0,21
1473,27425.7,72028.14,67.9325,0,0,0,8.6686,0,2,0
1474,61641.48,55465.9,38.2351,0,1,1478,10.827,0,0,7
1475,43281.16,63558.37,32.1237,0,1,1443,12.1268,0,0,13
1476,58078.23,67198.22,37.4595,0,1,392,18.7931,0,0,2
1477,30189.5,72911.07,74.0968,0,1,1281,16.2854,0,0,1
1478,64955.21,55104.33,84.1627,0,1,1478,10.827,1478,0,4
1479,63100.85,46952.96,59.7731,0,0,0,8.9942,0,3,0
1480,54016.58,31192.79,78.2967,0,0,0,11.3092,0,2,0
1481,54233.6,24957.03,74.9228,0,1,634,9.1983,0,0,3
1482,71491.75,27156.99,47.4829,0,0,0,5.5934,0,2,0
1483,60356,47792.02,50.3183,0,0,0,5.5934,0,3,0
1484,54676.95,66309.66,103.9662,0,1,1316,15.4474,0,0,22
1485,65316.58,54838.3,62.4223,0,1,1490,11.4571,0,0,10
1486,69378.43,22640.64,48.0978,0,1,158,7.6351,0,0,1
1487,26306.37,85929.51,28.3182,0,0,0,5.5934,0,1,0
1488,58094.68,26901.15,67.6259,0,1,1082,8.7247,0,0,10
1489,62593.54,63168.62,108.5185,0,1,709,8.5559,0,0,19
1490,65338.63,55431.83,101.659,0,1,1490,11.4571,1490,0,6
1491,68505.2,45792.85,54.9928,0,1,207,13.387,0,0,4
1492,25937.61,71198.43,50.35,0,1,1051,12.1118,0,0,15
1493,21793.47,84804.81,87.0375,0,1,753,12.7092,0,0,7
1494,73073.42,26882.89,104.4717,0,1,108,11.376,0,0,11
1495,37621.33,63152.46,112.7514,0,1,1495,10.7382,1495,0,2
1496,50094.89,49643.65,118.8503,0,1,1119,15.7299,0,0,20
1497,68333.51,15998.86,144.872,0,1,1027,12.1934,0,0,14
1498,32696.61,69310.8,108.9667,0,1,1397,11.9216,0,0,12
1499,51255.91,57078.1,45.333,0,1,1183,12.0456,0,0,1
1500,38511.81,61958.75,53.5881,0,1,1089,10.2065,0,0,5
